NewID,ID,source,ChemFormula,best_mpid,Tier,reason
ACS-2599,2599,ACS,Cu(II),mp-1147667,T4,label_not_stoichiometric
ACS-2895,2895,ACS,Cu(II),mp-1147667,T4,label_not_stoichiometric
ACS-3893,3893,ACS,Cu(II),mp-1147667,T4,label_not_stoichiometric
ACS-278,278,ACS,Pd(II),mp-27747,T4,label_not_stoichiometric
ACS-2914,2914,ACS,Pd(II),mp-27747,T4,label_not_stoichiometric
ACS-1808,1808,ACS,Mn(II),mp-28013,T4,label_not_stoichiometric
ACS-475,475,ACS,Mn(II),mp-28013,T4,label_not_stoichiometric
ACS-2637,2637,ACS,Cd(II),mp-28248,T4,label_not_stoichiometric
ACS-2583,2583,ACS,LFP,mp-2894,T4,label_not_stoichiometric
ACS-28,28,ACS,PEO,mp-2894,T4,label_not_stoichiometric
ACS-3092,3092,ACS,LFP,mp-2894,T4,label_not_stoichiometric
ACS-3370,3370,ACS,LFP,mp-2894,T4,label_not_stoichiometric
ACS-2,2,ACS,LLTO,mp-2918,T4,label_not_stoichiometric
ACS-21,21,ACS,LLZO,mp-2918,T4,label_not_stoichiometric
ACS-1577,1577,ACS,Fe(II),mp-571122,T4,label_not_stoichiometric
ACS-2010,2010,ACS,Fe(II),mp-571122,T4,label_not_stoichiometric
ACS-2162,2162,ACS,FeII,mp-571122,T4,label_not_stoichiometric
