ID,composition,source,temperature,target,log_target,family,ChemicalFamily,General SG
2,Li2OHBr,10.1002/aenm.201700971,22.06,5.40E-07,-6.26760624,Anti-Perovskite,Oxides and Other Anions,Pm-3m (221); Pnma (62); P1 (1)
3,Li2.4OH0.6Cl,10.1002/aenm.201700971,26,8.90E-08,-7.050609993,Anti-Perovskite,Oxides and Other Anions,Pm-3m (221); Pnma (62); P1 (1)
4,Li2.1OH0.9Cl,10.1002/aenm.201700971,26,8.05E-08,-7.09420412,Anti-Perovskite,Oxides and Other Anions,Pm-3m (221); Pnma (62); P1 (1)
5,Li2OHCl,10.1002/aenm.201700971,26,7.11E-08,-7.148130399,Anti-Perovskite,Oxides and Other Anions,Pm-3m (221); Pnma (62); P1 (1)
6,Li2.7OH0.3Cl,10.1002/aenm.201700971,26,7.30E-09,-8.13667714,Anti-Perovskite,Oxides and Other Anions,Pm-3m (221); Pnma (62); P1 (1)
34,Li2OHCl,10.1021/jacs.5b11851,195,2.80E-03,-2.552841969,Anti-Perovskite,#N/A,Pm-3m (221); Pnma (62); P1 (1)
504,Li3OBr,10.1016/j.ssi.2015.11.027,25,1.06E-06,-5.974694135,Anti-Perovskite,Oxides and Other Anions,Pm-3m (221); Pnma (62); P1 (1)
664,Li3O(Cl0.5Br0.5),10.1021/ja305709z,253,3.01E-03,-2.521433504,Anti-Perovskite,#N/A,Pm-3m (221); Pnma (62); P1 (1)
665,Li3O(Cl0.5Br0.5),10.1021/ja305709z,260.76,1.93E-02,-1.714442691,Anti-Perovskite,#N/A,Pm-3m (221); Pnma (62); P1 (1)
666,Li3O(Cl0.5Br0.5),10.1021/ja305709z,171.78,3.98E-03,-2.400116928,Anti-Perovskite,#N/A,Pm-3m (221); Pnma (62); P1 (1)
667,Li3OCl,10.1021/ja305709z,253.44,3.54E-03,-2.450996738,Anti-Perovskite,#N/A,Pm-3m (221); Pnma (62); P1 (1)
668,Li3O(Cl0.5Br0.5),10.1021/ja305709z,90.59,1.58E-03,-2.801342913,Anti-Perovskite,#N/A,Pm-3m (221); Pnma (62); P1 (1)
669,Li3O(Cl0.5Br0.5),10.1021/ja305709z,29.61,9.38E-04,-3.027797162,Anti-Perovskite,Oxides and Other Anions,Pm-3m (221); Pnma (62); P1 (1)
670,Li3OCl,10.1021/ja305709z,150.88,9.02E-04,-3.044793462,Anti-Perovskite,#N/A,Pm-3m (221); Pnma (62); P1 (1)
671,Li3OCl,10.1021/ja305709z,90.16,4.19E-04,-3.377785977,Anti-Perovskite,#N/A,Pm-3m (221); Pnma (62); P1 (1)
672,Li3OCl,10.1021/ja305709z,30.51,1.41E-04,-3.850780887,Anti-Perovskite,Oxides and Other Anions,Pm-3m (221); Pnma (62); P1 (1)
8,Li6PO5Cl,10.1002/zaac.201000121,25,1.00E-09,-9,Argyrodite,Oxides and Other Anions,F-43m (216); Pna21 (33);
497,Li6PS5Cl,10.1016/j.ssi.2012.06.008,150.58,2.14E-02,-1.669586227,Argyrodite,#N/A,F-43m (216); Pna21 (33);
498,Li6PS5Cl,10.1016/j.ssi.2012.06.008,50.47,1.32E-03,-2.879426069,Argyrodite,#N/A,F-43m (216); Pna21 (33);
499,Li6PS5Cl,10.1016/j.ssi.2012.06.008,25.36,5.37E-04,-3.270025714,Argyrodite,Sulphides and Other Anions,F-43m (216); Pna21 (33);
500,Li6PS5Cl,10.1016/j.ssi.2012.06.008,18.82,3.76E-04,-3.424812155,Argyrodite,Sulphides and Other Anions,F-43m (216); Pna21 (33);
539,Li6.25PS5.25Cl0.75,10.1016/j.apsusc.2019.07.041,25,1.40E-02,-1.853871964,Argyrodite,Sulphides and Other Anions,F-43m (216); Pna21 (33);
561,Li6PS5Br,10.1021/acsaem.8b00280,25,1.90E-04,-3.721246399,Argyrodite,Sulphides and Other Anions,F-43m (216); Pna21 (33);
582,Li6PS5I,10.1007/s10008-011-1572-8,25,6.30E-04,-3.200659451,Argyrodite,Sulphides and Other Anions,F-43m (216); Pna21 (33);
583,Li5PS4(BH4)2,10.1021/acsomega.8b00377,50,5.00E-03,-2.301029996,Argyrodite,#N/A,F-43m (216); Pna21 (33);
584,Li5PS4(BH4)2,10.1021/acsomega.8b00377,25,7.96E-03,-2.099086932,Argyrodite,Sulphides and Other Anions,F-43m (216); Pna21 (33);
743,Li6.35P0.65Si0.35S5Br,10.1039/c7ta08581h,25,2.30E-03,-2.638272164,Argyrodite,Sulphides and Other Anions,F-43m (216); Pna21 (33);
744,Li6.50P0.50Si0.50S5Br,10.1039/c7ta08581h,25,2.30E-03,-2.638272164,Argyrodite,Sulphides and Other Anions,F-43m (216); Pna21 (33);
745,Li6.20P0.80Si0.20S5Br,10.1039/c7ta08581h,25,1.98E-03,-2.70333481,Argyrodite,Sulphides and Other Anions,F-43m (216); Pna21 (33);
746,Li6.30P0.70Si0.30S5Br,10.1039/c7ta08581h,25,1.83E-03,-2.73754891,Argyrodite,Sulphides and Other Anions,F-43m (216); Pna21 (33);
747,Li6.25P0.75Si0.25S5Br,10.1039/c7ta08581h,25,1.50E-03,-2.823908741,Argyrodite,Sulphides and Other Anions,F-43m (216); Pna21 (33);
748,Li6.12P0.90Si0.12S5Br,10.1039/c7ta08581h,25,9.00E-04,-3.045757491,Argyrodite,Sulphides and Other Anions,F-43m (216); Pna21 (33);
749,Li6.22P0.78Si0.22S5Br,10.1039/c7ta08581h,25,1.08E-03,-2.966576245,Argyrodite,Sulphides and Other Anions,F-43m (216); Pna21 (33);
750,Li6.17P0.83Si0.17S5Br,10.1039/c7ta08581h,25,9.29E-04,-3.031984286,Argyrodite,Sulphides and Other Anions,F-43m (216); Pna21 (33);
751,Li6.13P0.87Si0.13S5Br,10.1039/c7ta08581h,25,9.01E-04,-3.045275209,Argyrodite,Sulphides and Other Anions,F-43m (216); Pna21 (33);
752,Li6.08P0.92Si0.08S5Br,10.1039/c7ta08581h,25,8.64E-04,-3.063486258,Argyrodite,Sulphides and Other Anions,F-43m (216); Pna21 (33);
753,Li6.02P0.98Si0.02S5 Br,10.1039/c7ta08581h,25,8.74E-04,-3.058488567,Argyrodite,Sulphides and Other Anions,F-43m (216); Pna21 (33);
754,Li6.10P0.90Si0.10S5Br,10.1039/c7ta08581h,25,8.05E-04,-3.09420412,Argyrodite,Sulphides and Other Anions,F-43m (216); Pna21 (33);
755,Li6PS5Br,10.1039/c7ta08581h,25,6.94E-04,-3.15864053,Argyrodite,Sulphides and Other Anions,F-43m (216); Pna21 (33);
756,Li6.05P0.95Si0.05S5Br,10.1039/c7ta08581h,25,4.41E-04,-3.355561411,Argyrodite,Sulphides and Other Anions,F-43m (216); Pna21 (33);
784,Li4PS4I,10.1021/acs.chemmater.7b00013,25,6.26E-05,-4.203425667,Argyrodite,Sulphides and Other Anions,F-43m (216); Pna21 (33);
915,Li6SiO4Cl2,10.1021/acs.chemmater.1c00157,25,1.00E-10,-10,Argyrodite,Oxides and Other Anions,F-43m (216); Pna21 (33);
916,Li6SiO4Cl2,10.1021/acs.chemmater.1c00157,302,6.20E-06,-5.207608311,Argyrodite,#N/A,F-43m (216); Pna21 (33);
17,Li7La3Zr2O12,10.1002/anie.200701144,24.85,5.11E-04,-3.2915791,Garnet,Oxides,Ia-3d (230)
19,Li6.4La3Zr1.4Ta0.6O12,10.1039/C2JM31413D,34,2.06E-03,-2.68613278,Garnet,Oxides,Ia-3d (230)
20,Li7.06La3Zr1.94Y0.06O12,10.1016/j.elecom.2011.08.014,25,9.56E-04,-3.019542108,Garnet,Oxides,Ia-3d (230)
21, Li6.4Al0.19La3Zr2O11.8,10.1016/j.jpowsour.2012.02.100,24.85,3.10E-04,-3.508638306,Garnet,Oxides,Ia-3d (230)
23,Li6.5La3Zr1.75Te0.25O12,10.1016/j.jpowsour.2013.03.166,29.85,1.07E-04,-3.972242795,Garnet,Oxides,Ia-3d (230)
24,Li7La3Zr2O12,10.1016/j.jssc.2009.05.020,24.85,1.63E-06,-5.787812396,Garnet,Oxides,Ia-3d (230)
31,Li6.55La3Zr2Ga0.9O12,10.1021/cm5008069,24.85,1.30E-03,-2.886056648,Garnet,Oxides,Ia-3d (230)
41,Li6.46Al0.15La3Zr1.95O11.86,10.1016/j.ensm.2019.08.017,25,8.30E-05,-4.080921908,Garnet,Oxides,Ia-3d (230)
42,Li6.4La3Zr1.7W0.3O12,10.1063/1.4818971,303,7.89E-04,-3.102922997,Garnet,#N/A,Ia-3d (230)
45,Li6.5La2.9Ba0.1Zr1.4Ta0.6O12,10.3389/fenrg.2016.00028,26.85,8.30E-04,-3.080921908,Garnet,Oxides,Ia-3d (230)
46,Li6.5La3Zr1.5Ta0.5O12,10.3389/fenrg.2016.00028,26.85,7.94E-04,-3.100179498,Garnet,Oxides,Ia-3d (230)
70,Li6BaLa2Ta2O12 ,10.1007/s00339-008-4494-2,200,1.35E-02,-1.869666232,Garnet,#N/A,Ia-3d (230)
71,Li6BaLa2Ta2O12 ,10.1007/s00339-008-4494-2,150,4.73E-03,-2.325138859,Garnet,#N/A,Ia-3d (230)
72,Li6BaLa2Ta2O12 ,10.1007/s00339-008-4494-2,100,1.13E-03,-2.946921557,Garnet,#N/A,Ia-3d (230)
73,Li6BaLa2Ta2O12 ,10.1007/s00339-008-4494-2,50,1.38E-04,-3.860120914,Garnet,#N/A,Ia-3d (230)
87,Li6.25Ba1.25La1.75Ta2O12,10.1007/s11581-007-0097-8,200,7.61E-03,-2.118615343,Garnet,#N/A,Ia-3d (230)
88,Li5La3Ta2O12,10.1007/s11581-007-0097-8,199,2.72E-03,-2.565431096,Garnet,#N/A,Ia-3d (230)
89,Li6.25Ba1.25La1.75Ta2O12,10.1007/s11581-007-0097-8,127,1.40E-03,-2.853871964,Garnet,#N/A,Ia-3d (230)
90,Li5La3Ta2O12,10.1007/s11581-007-0097-8,129,3.43E-04,-3.46470588,Garnet,#N/A,Ia-3d (230)
91,Li6.25Ba1.25La1.75Ta2O12,10.1007/s11581-007-0097-8,100,6.24E-04,-3.20481541,Garnet,#N/A,Ia-3d (230)
92,Li6.25Ba1.25La1.75Ta2O12,10.1007/s11581-007-0097-8,34,1.29E-04,-3.88941029,Garnet,Oxides,Ia-3d (230)
93,Li5La3Ta2O12,10.1007/s11581-007-0097-8,79,5.00E-05,-4.301029996,Garnet,#N/A,Ia-3d (230)
94,Li6.25Ba1.25La1.75Ta2O12,10.1007/s11581-007-0097-8,18,2.70E-05,-4.568636236,Garnet,Oxides,Ia-3d (230)
95,Li5La3Ta2O12,10.1007/s11581-007-0097-8,32,2.91E-06,-5.536107011,Garnet,Oxides,Ia-3d (230)
96,Li5La3Ta2O12,10.1007/s11581-007-0097-8,15,1.31E-06,-5.882728704,Garnet,Oxides,Ia-3d (230)
191,Li5Nd3Sb2O12,10.1016/j.ssi.2008.01.002,207,1.39E-03,-2.8569852,Garnet,#N/A,Ia-3d (230)
192,Li5La3Sb2O12,10.1016/j.ssi.2008.01.002,207,1.16E-03,-2.935542011,Garnet,#N/A,Ia-3d (230)
193,Li5La3Sb2O12,10.1016/j.ssi.2008.01.002,131,1.95E-04,-3.709965389,Garnet,#N/A,Ia-3d (230)
194,Li5Nd3Sb2O12,10.1016/j.ssi.2008.01.002,133,1.23E-04,-3.910094889,Garnet,#N/A,Ia-3d (230)
195,Li5La3Sb2O12,10.1016/j.ssi.2008.01.002,89,1.32E-05,-4.879426069,Garnet,#N/A,Ia-3d (230)
196,Li5Nd3Sb2O12,10.1016/j.ssi.2008.01.002,68,2.76E-06,-5.559090918,Garnet,#N/A,Ia-3d (230)
197,Li6La2SrNb2O12,10.1016/j.ssi.2008.01.047,25,6.21E-07,-6.2069084,Garnet,Oxides,Ia-3d (230)
198,Li6La2SrNb2O12,10.1016/j.ssi.2008.01.047,100,2.68E-03,-2.571865206,Garnet,#N/A,Ia-3d (230)
199,Li6La2CaNb2O12,10.1016/j.ssi.2008.01.047,154,7.82E-05,-4.106793247,Garnet,#N/A,Ia-3d (230)
200,Li6La2CaNb2O12,10.1016/j.ssi.2008.01.047,99,3.00E-05,-4.522878745,Garnet,#N/A,Ia-3d (230)
201,Li6La2SrNb2O12,10.1016/j.ssi.2008.01.047,47,3.13E-05,-4.504455662,Garnet,#N/A,Ia-3d (230)
216,Li6BaLa2Ta2O12 ,10.1016/j.ssi.2008.10.022,168,2.27E-03,-2.643974143,Garnet,#N/A,Ia-3d (230)
217,Li6CaLa2Ta2O12,10.1016/j.ssi.2008.10.022,175,1.05E-03,-2.978810701,Garnet,#N/A,Ia-3d (230)
218,Li6BaLa2Ta2O12 ,10.1016/j.ssi.2008.10.022,85,2.25E-04,-3.647817482,Garnet,#N/A,Ia-3d (230)
219,Li6CaLa2Ta2O12,10.1016/j.ssi.2008.10.022,87,6.61E-05,-4.179798541,Garnet,#N/A,Ia-3d (230)
220,Li6BaLa2Ta2O12 ,10.1016/j.ssi.2008.10.022,25,1.28E-05,-4.89279003,Garnet,Oxides,Ia-3d (230)
221,Li6CaLa2Ta2O12,10.1016/j.ssi.2008.10.022,27,2.24E-06,-5.649751982,Garnet,Oxides,Ia-3d (230)
225,Li7La3Ta2O13,10.1016/j.ssi.2009.07.002,121,6.85E-05,-4.164309429,Garnet,#N/A,Ia-3d (230)
226,Li7La3Ta2O13,10.1016/j.ssi.2009.07.002,90,2.76E-05,-4.559090918,Garnet,#N/A,Ia-3d (230)
227,Li7La3Ta2O13,10.1016/j.ssi.2009.07.002,60,9.33E-06,-5.030118356,Garnet,#N/A,Ia-3d (230)
228,Li7La3Ta2O13,10.1016/j.ssi.2009.07.002,30,2.65E-06,-5.576754126,Garnet,Oxides,Ia-3d (230)
237,Li5La3Ta2O12,10.1016/j.ssi.2009.11.015,60,1.52E-05,-4.818156412,Garnet,#N/A,Ia-3d (230)
238,Li5La3Ta2O12,10.1016/j.ssi.2009.11.015,50,8.39E-06,-5.076238039,Garnet,#N/A,Ia-3d (230)
239,Li5La3Ta2O12,10.1016/j.ssi.2009.11.015,25,1.51E-06,-5.821023053,Garnet,Oxides,Ia-3d (230)
251,Li4Nd3TeSbO12,10.1021/cm703677q,200,2.64E-05,-4.578396073,Garnet,#N/A,Ia-3d (230)
252,Li4Nd3TeSbO12,10.1021/cm703677q,25,8.70E-09,-8.060480747,Garnet,Oxides,Ia-3d (230)
269,Li6Sr0.5Ba0.5La2Ta2O12,10.1149/1.2800764,200,5.70E-03,-2.244125144,Garnet,#N/A,Ia-3d (230)
270,Li6SrLa2Ta2O12,10.1149/1.2800764,200,5.89E-03,-2.229884705,Garnet,#N/A,Ia-3d (230)
271,Li6Sr0.5Ba0.5La2Ta2O12,10.1149/1.2800764,150,1.63E-03,-2.787812396,Garnet,#N/A,Ia-3d (230)
272,Li6SrLa2Ta2O12,10.1149/1.2800764,149,1.50E-03,-2.823908741,Garnet,#N/A,Ia-3d (230)
273,Li6Sr0.5Ba0.5La2Ta2O12,10.1149/1.2800764,100,3.33E-04,-3.477555766,Garnet,#N/A,Ia-3d (230)
274,Li6SrLa2Ta2O12,10.1149/1.2800764,100,2.68E-04,-3.571865206,Garnet,#N/A,Ia-3d (230)
275,Li6BaLa2Ta2O12,10.1149/1.2800764,50,1.30E-04,-3.886056648,Garnet,#N/A,Ia-3d (230)
277,Li6Sr0.5Ba0.5La2Ta2O12,10.1149/1.2800764,50,4.96E-05,-4.304518324,Garnet,#N/A,Ia-3d (230)
278,Li6MgLa2Ta2O12,10.1149/1.2800764,100,2.45E-05,-4.610833916,Garnet,#N/A,Ia-3d (230)
281,Li6SrLa2Ta2O12,10.1149/1.2800764,50,3.66E-05,-4.436518915,Garnet,#N/A,Ia-3d (230)
282,Li6CaLa2Ta2O12,10.1149/1.2800764,100,3.58E-05,-4.446116973,Garnet,#N/A,Ia-3d (230)
285,Li6BaLa2Ta2O12,10.1149/1.2800764,17,2.25E-05,-4.647817482,Garnet,Oxides,Ia-3d (230)
288,Li6SrLa2Ta2O12,10.1149/1.2800764,33,1.38E-05,-4.860120914,Garnet,Oxides,Ia-3d (230)
289,Li6Sr0.5Ba0.5La2Ta2O12,10.1149/1.2800764,20,8.08E-06,-5.092588639,Garnet,Oxides,Ia-3d (230)
290,Li6Sr0.5Ba0.5La2Ta2O12,10.1149/1.2800764,33,6.46E-06,-5.189767482,Garnet,Oxides,Ia-3d (230)
291,Li6CaLa2Ta2O12,10.1149/1.2800764,50,3.59E-06,-5.444905551,Garnet,#N/A,Ia-3d (230)
292,Li6MgLa2Ta2O12,10.1149/1.2800764,50,2.74E-06,-5.562249437,Garnet,#N/A,Ia-3d (230)
301,Li6.75La3Zr1.75Ta0.25O12,10.1016/j.jpowsour.2012.01.131,25,8.96E-04,-3.04769199,Garnet,Oxides,Ia-3d (230)
700,Li6BaLa2Ta2O12,10.1002/adfm.200400044,25,4.00E-05,-4.397940009,Garnet,Oxides,Ia-3d (230)
713,Li5La3Bi2O12,10.1016/j.ssi.2017.03.030,25,2.00E-05,-4.698970004,Garnet,Oxides,Ia-3d (230)
733,Li5La3Nb2O12,10.1111/j.1151-2916.2003.tb03318.x,15,8.00E-06,-5.096910013,Garnet,Oxides,Ia-3d (230)
734,Li5La3Ta2O12,10.1111/j.1151-2916.2003.tb03318.x,393,1.66E-02,-1.780153614,Garnet,Oxides,Ia-3d (230)
759,Li6BaLa2Ta2O12 ,10.1002/adfm.200400044,22,4.00E-05,-4.397940009,Garnet,Oxides,Ia-3d (230)
760,Li6SrLa2Ta2O12,10.1002/adfm.200400044,22,7.00E-06,-5.15490196,Garnet,Oxides,Ia-3d (230)
768,Li7.06La3Y0.06Zr1.94O12 ,10.1016/j.elecom.2011.08.014,127,5.27E-03,-2.278024598,Garnet,Oxides,Ia-3d (230)
769,Li6.75La3Zr1.75Nb0.25O12 ,10.1016/j.jpowsour.2010.11.089,25,8.00E-04,-3.096910013,Garnet,Oxides,Ia-3d (230)
770,Li7La3Zr1.89Al0.15O12 ,10.1016/j.jpowsour.2013.03.049,25,3.40E-04,-3.468521083,Garnet,Oxides,Ia-3d (230)
771,Li6.75La3Zr1.875Te0.125O12 ,10.1016/j.jpowsour.2013.03.166,30,3.77E-05,-4.424235019,Garnet,Oxides,Ia-3d (230)
773,Li5.5La3Nb1.75In0.25O12 ,10.1016/j.jssc.2005.12.025,25,2.40E-05,-4.619788758,Garnet,Oxides,Ia-3d (230)
774,Li5.5La2.75K0.25Nb2O12 ,10.1016/j.jssc.2005.12.025,25,1.06E-05,-4.974694135,Garnet,Oxides,Ia-3d (230)
775,Li7La3Zr2O12 ,10.1016/j.jssc.2009.05.020,27,1.52E-06,-5.818156412,Garnet,Oxides,Ia-3d (230)
776,Li7La3Hf2O12,10.1016/j.jssc.2009.10.030,27,9.73E-07,-6.01188716,Garnet,Oxides,Ia-3d (230)
777,Li6.25La3Zr2Ga0.25O12,10.1016/j.matchemphys.2012.03.054,25,3.50E-04,-3.455931956,Garnet,Oxides,Ia-3d (230)
785,Li6.6La2.75Y0.25Zr1.6Ta0.4O12,10.1021/am503731h,27,4.36E-04,-3.360513511,Garnet,Oxides,Ia-3d (230)
786,Li6.6La2.875Y0.125Zr1.6Ta0.4O12 ,10.1021/am503731h,27,3.17E-04,-3.498940738,Garnet,Oxides,Ia-3d (230)
787,Li6.6La2.5Y0.5Zr1.6Ta0.4O12 ,10.1021/am503731h,27,2.26E-04,-3.645891561,Garnet,Oxides,Ia-3d (230)
788,Li3Nd3Te2O12,10.1021/cm060992t,600,1.00E-05,-5,Garnet,#N/A,Ia-3d (230)
790,Li6.4La3Zr2Ga0.2O12 ,10.1021/cm5008069,24,9.00E-04,-3.045757491,Garnet,Oxides,Ia-3d (230)
794,Li6.5La3Nb1.25Y0.75O12 ,10.1021/jp304737x,25,2.70E-04,-3.568636236,Garnet,Oxides,Ia-3d (230)
795,Li6La3Nb1.5Y0.5O12 ,10.1021/jp304737x,24,1.88E-04,-3.725842151,Garnet,Oxides,Ia-3d (230)
798,Li7La3Sn2O12,10.1039/b907331k,85,2.88E-08,-7.540607512,Garnet,#N/A,Ia-3d (230)
799,Li6.4La3Zr1.4Ta0.6O12 ,10.1039/C2JM31413D,127,2.81E-02,-1.552067134,Garnet,Oxides,Ia-3d (230)
800,Li6.5La3Zr1.5Ta0.5O12 ,10.1039/C2JM31413D,25,9.20E-04,-3.036212173,Garnet,Oxides,Ia-3d (230)
801,Li6.6La3Zr1.6Ta0.4O12 ,10.1039/C2JM31413D,25,7.30E-04,-3.13667714,Garnet,Oxides,Ia-3d (230)
802,Li6.7La3Zr1.7Ta0.3O12,10.1016/j.ceramint.2018.09.245,30,1.03E-03,-2.987162775,Garnet,Oxides,Ia-3d (230)
803,Li6.2La3Zr1.2Ta0.8O12 ,10.1039/C2JM31413D,25,3.20E-04,-3.494850022,Garnet,Oxides,Ia-3d (230)
804,Li6.8La3Zr1.8Ta0.2O12 ,10.1039/C2JM31413D,25,2.80E-04,-3.552841969,Garnet,Oxides,Ia-3d (230)
805,Li6La3ZrTaO12 ,10.1039/C2JM31413D,25,1.60E-04,-3.795880017,Garnet,Oxides,Ia-3d (230)
806,Li6.6La3Zr1.6Sb0.4O12,10.1039/C3CP50991E,30,7.70E-04,-3.113509275,Garnet,Oxides,Ia-3d (230)
807,Li6.4La3Zr1.4Sb0.6O12 ,10.1039/C3CP50991E,30,6.60E-04,-3.180456064,Garnet,Oxides,Ia-3d (230)
808,Li6.2La3Zr1.2Sb0.8O12 ,10.1039/C3CP50991E,25,4.50E-04,-3.346787486,Garnet,Oxides,Ia-3d (230)
809,Li6La3ZrSbO12 ,10.1039/C3CP50991E,30,2.60E-04,-3.585026652,Garnet,Oxides,Ia-3d (230)
810,Li6.8La3Zr1.8Sb0.2O12 ,10.1039/C3CP50991E,30,5.90E-05,-4.229147988,Garnet,Oxides,Ia-3d (230)
812,Li5La3Ta2O12 ,10.1111/j.1151-2916.2003.tb03318.x,25,3.40E-06,-5.468521083,Garnet,Oxides,Ia-3d (230)
813,Li5La3Nb2O12 ,10.1111/j.1151-2916.2003.tb03318.x,393,3.31E-02,-1.480040819,Garnet,Oxides,Ia-3d (230)
814,Li6BaLa2Nb2O12 ,10.1111/j.1551-2916.2005.00060.x,22,6.00E-06,-5.22184875,Garnet,Oxides,Ia-3d (230)
815,Li6SrLa2Nb2O12 ,10.1111/j.1551-2916.2005.00060.x,22,4.20E-06,-5.37675071,Garnet,Oxides,Ia-3d (230)
816,Li6CaLa2Nb2O12,10.1111/j.1551-2916.2005.00060.x,22,1.60E-06,-5.795880017,Garnet,Oxides,Ia-3d (230)
818,Li6.75La3Zr1.75Ta0.25O12 ,10.1149/2.024205esl,25,6.30E-04,-3.200659451,Garnet,Oxides,Ia-3d (230)
836,Li5.4La3Nb1.8Y0.75O12,10.1021/jp304737x,25,2.51E-05,-4.599980365,Garnet,Oxides,Ia-3d (230)
840,Li6SrLa2Ta2O12,10.1002/adfm.200400044,30,7.00E-06,-5.15490196,Garnet,Oxides,Ia-3d (230)
863,Li7La3Ta2O13,10.1016/j.ssi.2009.07.002,48,3.30E-06,-5.48148606,Garnet,#N/A,Ia-3d (230)
867,Li7La3Zr2O12,10.1016/j.jpowsour.2012.02.031,29,2.30E-05,-4.638272164,Garnet,Oxides,Ia-3d (230)
882,Li5La3Nb2O12 ,10.1111/j.1151-2916.2003.tb03318.x,527,7.08E-02,-1.150028088,Garnet,#N/A,Ia-3d (230)
890,Li6La2Ca(Nb)2O12,10.1016/j.ssi.2008.01.047,25,2.11E-06,-5.675717545,Garnet,Oxides,Ia-3d (230)
891,Li6MgLa2Ta2O12,10.1149/1.2800764,21.1,1.92E-07,-6.716698771,Garnet,Oxides,Ia-3d (230)
2004,Li5Nd3Sb2O12,10.1016/j.ssi.2008.01.002,25,5.58E-07,-6.253253283,Garnet,Oxides,Ia-3d (230)
2005,Li5La3Sb2O12,10.1016/j.ssi.2008.01.002,25,2.06E-06,-5.685784276,Garnet,Oxides,Ia-3d (230)
66,LiPO3,10.1007/s00339-007-4020-y,255,9.80E-09,-8.008773924,Glass,#N/A,Amorphous
67,LiPO3,10.1007/s00339-007-4020-y,300,1.16E-07,-6.935542011,Glass,#N/A,Amorphous
68,LiPO3,10.1007/s00339-007-4020-y,280,2.50E-08,-7.602059991,Glass,#N/A,Amorphous
69,LiPO3,10.1007/s00339-007-4020-y,322,4.50E-07,-6.346787486,Glass,#N/A,Amorphous
84,"""(Li2S)0.5 ((P2S5)0.4 (Sb2S3)0.6)0.5""",10.1007/s11581-006-0054-y,34,2.26E-07,-6.645891561,Glass,Sulphides,Amorphous
85,"""(Li2S)0.3 ((P2S5)0.4 (Sb2S3)0.6)0.7""",10.1007/s11581-006-0054-y,31,2.98E-08,-7.525783736,Glass,Sulphides,Amorphous
86,"""(Li2S)0.4 ((P2S5)0.4 (Sb2S3)0.6)0.6""",10.1007/s11581-006-0054-y,25,1.60E-07,-6.795880017,Glass,Sulphides,Amorphous
100,LiP0.65I0.35O1.95,10.1007/s11581-008-0252-x,110.18,1.58E-03,-2.801342913,Glass,#N/A,Amorphous
101,LiP0.75I0.25O2.25,10.1007/s11581-008-0252-x,110,7.94E-04,-3.100179498,Glass,#N/A,Amorphous
103,LiP0.9I0.1O2.7,10.1007/s11581-008-0252-x,25,3.98E-04,-3.400116928,Glass,Oxides and Other Anions,Amorphous
104,"""(LiCl)0.5 (P2O5)0.5""",10.1007/s11581-008-0276-2,192,9.12E-06,-5.040005162,Glass,#N/A,Amorphous
105,"""(LiCl)0.5 (P2O5)0.5""",10.1007/s11581-008-0276-2,149.87,1.23E-06,-5.910094889,Glass,#N/A,Amorphous
106,"""(LiCl)0.5 (P2O5)0.5""",10.1007/s11581-008-0276-2,30,6.83E-08,-7.165859166,Glass,Oxides and Other Anions,Amorphous
117,"""(Li2O)50 (Al2O3)2 (P2O5)48""",10.1016/j.jeurceramsoc.2008.12.016,60,5.01E-08,-7.299988938,Glass,#N/A,Amorphous
118,"""(Li2O)50 (Al2O3)2 (P2O5)48""",10.1016/j.jeurceramsoc.2008.12.016,75,1.99E-07,-6.701146924,Glass,#N/A,Amorphous
119,"""(Li2O)50 (Al2O3)2 (P2O5)48""",10.1016/j.jeurceramsoc.2008.12.016,95,6.31E-07,-6.199970641,Glass,#N/A,Amorphous
120,"""(Li2O)50 (Al2O3)2 (P2O5)48""",10.1016/j.jeurceramsoc.2008.12.016,121,4.47E-06,-5.349692477,Glass,#N/A,Amorphous
121,"""(Li2O)50 (Al2O3)2 (P2O5)48""",10.1016/j.jeurceramsoc.2008.12.016,130,7.94E-06,-5.100015437,Glass,#N/A,Amorphous
122,"""(Li2O)50 (Al2O3)2 (P2O5)48""",10.1016/j.jeurceramsoc.2008.12.016,25,3.16E-09,-8.500312917,Glass,Oxides,Amorphous
123,"""(Li2O)50 (Al2O3)3 (P2O5)47""",10.1016/j.jeurceramsoc.2008.12.016,52,5.25E-08,-7.279840697,Glass,#N/A,Amorphous
124,"""(Li2O)50 (Al2O3)3 (P2O5)47""",10.1016/j.jeurceramsoc.2008.12.016,65,1.12E-07,-6.950007143,Glass,#N/A,Amorphous
125,"""(Li2O)50 (Al2O3)3 (P2O5)47""",10.1016/j.jeurceramsoc.2008.12.016,85,5.00E-07,-6.301029996,Glass,#N/A,Amorphous
126,"""(Li2O)50 (Al2O3)3 (P2O5)47""",10.1016/j.jeurceramsoc.2008.12.016,105,1.78E-06,-5.749579998,Glass,#N/A,Amorphous
127,"""(Li2O)50 (Al2O3)3 (P2O5)47""",10.1016/j.jeurceramsoc.2008.12.016,130,1.12E-05,-4.950781977,Glass,#N/A,Amorphous
128,"""(Li2O)50 (Al2O3)3 (P2O5)47""",10.1016/j.jeurceramsoc.2008.12.016,25,5.75E-09,-8.240332155,Glass,Oxides,Amorphous
129,"""(Li2O)50 (Al2O3)4 (P2O5)46""",10.1016/j.jeurceramsoc.2008.12.016,25,9.12E-09,-8.040005162,Glass,Oxides,Amorphous
134,"""(LiI)0.3 ((Li2S)0.3 ((Ga2S3)0.1 (GeS2)0.9)0.7)0.7""",10.1016/j.ssi.2007.10.011,25,2.91E-04,-3.536107011,Glass,Sulphides and Other Anions,Amorphous
135,"""(Li2S)0.3 ((Ga2S3)0.1 (GeS2)0.9)0.7""",10.1016/j.ssi.2007.10.011,25,1.89E-06,-5.7242281,Glass,Sulphides and Other Anions,Amorphous
136,"""((Li2S)0.6 (SiS2)0.4 )95 (Li4SiO4)5""",10.1016/j.jpowsour.2006.04.037,193,4.40E-02,-1.356547324,Glass,Sulphides and Other Anions,Amorphous
139,"""((Li2S)0.6 (SiS2)0.4 )95 (Li4SiO4)5""",10.1016/j.jpowsour.2006.04.037,130,1.32E-02,-1.879426069,Glass,Sulphides and Other Anions,Amorphous
142,"""((Li2S)0.6 (SiS2)0.4 )95 (Li4SiO4)5""",10.1016/j.jpowsour.2006.04.037,109,9.00E-03,-2.045757491,Glass,Sulphides,Amorphous
143,"""((Li2S)0.6 (SiS2)0.4 )95 (Li4SiO4)5""",10.1016/j.jpowsour.2006.04.037,84,4.09E-03,-2.388276692,Glass,Sulphides,Amorphous
144,"""(Li2S)0.8 (P2S5)0.2""",10.1016/j.jpowsour.2006.04.037,105,4.03E-03,-2.394694954,Glass,Sulphides,Amorphous
145,"""((Li2S)0.6 (SiS2)0.4 )95 (Li4SiO4)5""",10.1016/j.jpowsour.2006.04.037,68,2.30E-03,-2.638272164,Glass,Sulphides,Amorphous
146,"""(Li2S)0.8 (P2S5)0.2""",10.1016/j.jpowsour.2006.04.037,40.25,2.54E-03,-2.595166283,Glass,Sulphides,Amorphous
147,"""(Li2S)0.7 (P2S5)0.3""",10.1016/j.jpowsour.2006.04.037,25,3.20E-03,-2.494850022,Glass,Sulphides,Amorphous
148,"""(Li2S)0.8 (P2S5)0.2""",10.1016/j.jpowsour.2006.04.037,68,1.18E-03,-2.928117993,Glass,Sulphides,Amorphous
149,"""(Li2S)0.8 (P2S5)0.2""",10.1016/j.jpowsour.2006.04.037,25,1.12E-03,-2.950781977,Glass,Sulphides,Amorphous
150,"""(Li2S)0.875 (P2S5)0.125""",10.1016/j.jpowsour.2006.04.037,25,2.10E-04,-3.677780705,Glass,Sulphides,Amorphous
152,"""(LiCl)0.25 ((Li2O)0.6 (P2O5)0.4)0.75""",10.1016/j.jpowsour.2008.07.089,53.63,2.49E-05,-4.603800653,Glass,#N/A,Amorphous
153,"""(LiCl)0.25 ((Li2O)0.6 (P2O5)0.4)0.75""",10.1016/j.jpowsour.2008.07.089,23.66,2.45E-06,-5.610833916,Glass,Oxides and Other Anions,Amorphous
158,Li1.4S2.2P0.6,10.1016/j.jpowsour.2008.09.044,25,2.00E-03,-2.698970004,Glass,Sulphides,Amorphous
159,Li1.4S2.2P0.6,10.1016/j.jpowsour.2008.09.044,60,2.19E-04,-3.659555885,Glass,#N/A,Amorphous
160,Li1.4S2.2P0.6,10.1016/j.jpowsour.2008.09.044,25,4.33E-05,-4.363512104,Glass,Sulphides,Amorphous
161,Li3.09BO2.53N0.52,10.1016/j.jpowsour.2008.09.089,110,3.86E-05,-4.413412695,Glass,#N/A,Amorphous
162,Li3.09BO2.53N0.52,10.1016/j.jpowsour.2008.09.089,69,1.19E-05,-4.924453039,Glass,#N/A,Amorphous
163,Li3.09BO2.53N0.52,10.1016/j.jpowsour.2008.09.089,39,1.85E-06,-5.732828272,Glass,#N/A,Amorphous
164,Li3.09BO2.53N0.52,10.1016/j.jpowsour.2008.09.089,9,3.08E-07,-6.511449283,Glass,#N/A,Amorphous
173,Li1.4S2.2P0.6,10.1016/j.ssi.2006.07.017,220.68,2.18E-02,-1.661543506,Glass,#N/A,Amorphous
174,Li1.4S2.2P0.6,10.1016/j.ssi.2006.07.017,177.3,1.57E-02,-1.804100348,Glass,#N/A,Amorphous
175,Li1.4S2.2P0.6,10.1016/j.ssi.2006.07.017,137.02,9.70E-03,-2.013228266,Glass,#N/A,Amorphous
176,Li1.4S2.2P0.6,10.1016/j.ssi.2006.07.017,76.75,6.68E-03,-2.175223538,Glass,#N/A,Amorphous
177,"""((Li2S)0.6 (SiS2)0.4)95 (Li4SiO4)5""",10.1016/j.ssi.2006.07.017,121,3.00E-03,-2.522878745,Glass,#N/A,Amorphous
178,"""((Li2S)0.6 (SiS2)0.4)95 (Li4SiO4)5""",10.1016/j.ssi.2006.07.017,90,1.63E-03,-2.787812396,Glass,#N/A,Amorphous
179,"""((Li2S)0.6 (SiS2)0.4)95 (Li4SiO4)5""",10.1016/j.ssi.2006.07.017,73,7.57E-04,-3.12090412,Glass,#N/A,Amorphous
180,"""((Li2S)0.6 (SiS2)0.4)95 (Li4SiO4)5""",10.1016/j.ssi.2006.07.017,47,3.03E-04,-3.518557371,Glass,#N/A,Amorphous
181,Li1.4S2.2P0.6,10.1016/j.ssi.2006.07.017,25,4.64E-05,-4.333482019,Glass,Sulphides,Amorphous
182,"""(Li2S)0.3 ((Ga2S3)0.1 (GeS2)0.9)0.7""",10.1016/j.ssi.2007.10.011,215,4.22E-03,-2.374687549,Glass,Sulphides,Amorphous
185,"""(Li2S)0.5 ((Ga2S3)0.1 (GeS2)0.9)0.5""",10.1016/j.ssi.2007.10.011,28,6.70E-05,-4.173925197,Glass,Sulphides,Amorphous
188,"""(Li2S)0.5 ((Ga2S3)0.1 (GeS2)0.9)0.5""",10.1016/j.ssi.2007.10.011,215,3.35E-02,-1.474955193,Glass,Sulphides,Amorphous
189,"""(Li2S)0.4 ((Ga2S3)0.1 (GeS2)0.9)0.6""",10.1016/j.ssi.2007.10.011,21,2.87E-06,-5.542118103,Glass,Sulphides,Amorphous
190,"""(Li2S)0.4 ((Ga2S3)0.1 (GeS2)0.9)0.6""",10.1016/j.ssi.2007.10.011,205,1.19E-02,-1.924088239,Glass,Sulphides,Amorphous
212,LiPO3,10.1016/j.ssi.2008.04.015,170,5.89E-06,-5.229884705,Glass,#N/A,Amorphous
222,LiAlSi2O6,10.1016/j.ssi.2009.02.028,174,6.67E-06,-5.175874166,Glass,#N/A,Amorphous
223,LiAlSi2O6,10.1016/j.ssi.2009.02.028,128,1.08E-06,-5.966576245,Glass,#N/A,Amorphous
224,LiAlSi2O6,10.1016/j.ssi.2009.02.028,58,1.69E-08,-7.772113295,Glass,#N/A,Amorphous
240,"""(Li2O)16.6 (SiO2)83.4""",10.1016/S0022-3093(99)00688-2,179,2.77E-06,-5.557520231,Glass,#N/A,Amorphous
241,"""(Li2O)16.6 (SiO2)83.4""",10.1016/S0022-3093(99)00688-2,135,3.53E-07,-6.452225295,Glass,#N/A,Amorphous
242,"""(Li2O)16.6 (SiO2)83.4""",10.1016/S0022-3093(99)00688-2,90,3.21E-08,-7.493494968,Glass,#N/A,Amorphous
253,"""(Li2O)50 (LiF)20 (P2O5)30""",10.1134/S1023193509050048,106,7.99E-05,-4.097453221,Glass,#N/A,Amorphous
254,"""(Li2O)50 (LiF)20 (P2O5)30""",10.1134/S1023193509050048,53,4.52E-06,-5.344861565,Glass,#N/A,Amorphous
255,"""(Li2O)50 (LiF)20 (P2O5)30""",10.1134/S1023193509050048,25,4.40E-07,-6.356547324,Glass,Oxides and Other Anions,Amorphous
256,"""(Li2O)50 (LiF)20 (P2O5)30""",10.1134/S1023193509050048,88,2.24E-05,-4.649751982,Glass,#N/A,Amorphous
268,Li9SiAlO8,10.1149/1.1836980,30,2.30E-07,-6.638272164,Glass,Oxides,Amorphous
302,"""(Li2S)50 (P2S5)17 (LiBH4)33""",10.1016/j.jpowsour.2012.12.001,25,1.43E-03,-2.844663963,Glass,Sulphides and Other Anions,Amorphous
502,Li4P2S6,10.1016/j.ssi.2015.10.015,25,2.57E-07,-6.590066877,Glass,Sulphides,Amorphous
505,"""(Li2O)50((SeO2)0.5 (B2O3)0.5)50""",10.1016/S0167-2738(02)00137-6,27,7.54E-07,-6.122628654,Glass,Oxides,Amorphous
586,"""(Li2S)0.75 (P2S5)0.25""",10.1021/acsomega.8b00377,34.76,6.05E-04,-3.218244625,Glass,Sulphides,Amorphous
589,"""(Li2S)0.75 (P2S5)0.25""",10.1021/acsomega.8b00377,26.29,1.81E-04,-3.742321425,Glass,Sulphides,Amorphous
841,"""(Li2O)50 (Al2O3)4 (P2O5)46""",10.1016/j.jeurceramsoc.2008.12.016,52,7.94E-08,-7.100179498,Glass,#N/A,Amorphous
842,"""(Li2O)50 (Al2O3)4 (P2O5)46""",10.1016/j.jeurceramsoc.2008.12.016,65,1.66E-07,-6.779891912,Glass,#N/A,Amorphous
843,"""(Li2O)50 (Al2O3)4 (P2O5)46""",10.1016/j.jeurceramsoc.2008.12.016,78,3.55E-07,-6.449771647,Glass,#N/A,Amorphous
844,"""(Li2O)50 (Al2O3)4 (P2O5)46""",10.1016/j.jeurceramsoc.2008.12.016,97,1.41E-06,-5.850780887,Glass,#N/A,Amorphous
845,"""(Li2O)50 (Al2O3)4 (P2O5)46""",10.1016/j.jeurceramsoc.2008.12.016,113,5.01E-06,-5.300162274,Glass,#N/A,Amorphous
846,"""(Li2O)50 (Al2O3)4 (P2O5)46""",10.1016/j.jeurceramsoc.2008.12.016,131,1.41E-05,-4.850780887,Glass,#N/A,Amorphous
847,"""(Li2O)50 (Al2O5)5 (P2O5)45""",10.1016/j.jeurceramsoc.2008.12.016,25,1.15E-08,-7.93930216,Glass,Oxides,Amorphous
848,"""(Li2O)50 (Al2O5)5 (P2O5)45""",10.1016/j.jeurceramsoc.2008.12.016,55,1.26E-07,-6.899629455,Glass,#N/A,Amorphous
849,"""(Li2O)50 (Al2O5)5 (P2O5)45""",10.1016/j.jeurceramsoc.2008.12.016,85,7.94E-07,-6.100179498,Glass,#N/A,Amorphous
850,"""(Li2O)50 (Al2O5)5 (P2O5)45""",10.1016/j.jeurceramsoc.2008.12.016,112,5.01E-06,-5.300162274,Glass,#N/A,Amorphous
851,"""(Li2O)50 (Al2O5)5 (P2O5)45""",10.1016/j.jeurceramsoc.2008.12.016,128,1.78E-05,-4.749579998,Glass,#N/A,Amorphous
852,"""(Li2O)50 (P2O5)50""",10.1016/j.jeurceramsoc.2008.12.016,25,1.32E-09,-8.879426069,Glass,Oxides,Amorphous
853,"""(Li2S)9(LaOI)""",10.1016/j.ssi.2008.01.072,30,8.13E-09,-8.089909454,Glass,Sulphides and Other Anions,Amorphous
854,"""(Li2S)2(LaOI)5""",10.1016/j.ssi.2008.01.072,210,3.09E-08,-7.510041521,Glass,#N/A,Amorphous
855,"""(AgI)0.5(LiPO3)0.5""",10.1016/j.ssi.2008.04.015,30,4.10E-08,-7.387216143,Glass,Oxides and Other Anions,Amorphous
856,LiPO3,10.1016/j.ssi.2008.04.015,70,5.50E-08,-7.259637311,Glass,#N/A,Amorphous
857,"""(Li2S)2(LaOI)5""",10.1016/j.ssi.2008.01.072,30,6.92E-08,-7.159893906,Glass,Sulphides and Other Anions,Amorphous
858,"""(Li2S)(LaOI)""",10.1016/j.ssi.2008.01.072,30,2.75E-07,-6.560667306,Glass,Sulphides and Other Anions,Amorphous
860,"""(AgI)0.5(LiPO3)0.5""",10.1016/j.ssi.2008.04.015,130,6.46E-07,-6.189767482,Glass,#N/A,Amorphous
889,"""((Li2S)0.6 (SiS2)0.4 )95 (Li4SiO4)5""",10.1149/1.1392498,25,5.88E-03,-2.230622674,Glass,Sulphides and Other Anions,Amorphous
2003,Li3.09BO2.53N0.52,10.1016/j.jpowsour.2008.09.089,25,8.65E-07,-6.06311007,Glass,Oxides,Amorphous
2006,LiAlSi2O6,10.1016/j.ssi.2009.02.028,25,3.49E-09,-8.457685004,Glass,Oxides,Amorphous
2007,"""(Li2O)16.6 (SiO2)83.4""",10.1016/S0022-3093(99)00688-2,25,1.30E-09,-8.887183074,Glass,Oxides,Amorphous
537,Li1.6Al0.6Ge1.4 (PO4)3,10.1016/S0167-2738(97)00434-7,25,3.80E-04,-3.420216403,Glass-Ceramic,Oxides,Amorphous*
698,"""(Li2S)70 (P2S5)30""",10.1039/C3EE41655K,25,1.70E-02,-1.769551079,Glass-Ceramic,Sulphides,Amorphous*
736,Li3Fe2P3O12,10.1016/0167-2738(90)90442-T,100,1.42E-06,-5.847711656,Glass-Ceramic,#N/A,Amorphous*
862,"""(Li2S)7(LaOI)3""",10.1016/j.ssi.2008.01.072,30,2.88E-06,-5.540607512,Glass-Ceramic,Sulphides and Other Anions,Amorphous*
864,"""(Li0.5La0.5TiO3)94(SiO2)6""",10.1016/j.ssi.2008.08.013,15,6.30E-06,-5.200659451,Glass-Ceramic,Oxides,Amorphous*
865,"""(Li0.5La0.5TiO3)97(SiO2)3""",10.1016/j.ssi.2008.08.013,15,1.00E-05,-5,Glass-Ceramic,Oxides,Amorphous*
866,"""(Li0.5La0.5TiO3)95(SiO2)5""",10.1016/j.ssi.2008.08.013,15,1.25E-05,-4.903089987,Glass-Ceramic,Oxides,Amorphous*
872,"""(Li2S)9(LaOI)""",10.1016/j.ssi.2008.01.072,210,1.45E-03,-2.838631998,Glass-Ceramic,#N/A,Amorphous*
877,"""(Li2S)(LaOI)""",10.1016/j.ssi.2008.01.072,210,1.45E-02,-1.838631998,Glass-Ceramic,#N/A,Amorphous*
878,"""(Li2S)7(LaOI)3""",10.1016/j.ssi.2008.01.072,210,1.82E-02,-1.739928612,Glass-Ceramic,#N/A,Amorphous*
919,Li1.4S2.2P0.6,10.1016/j.ssi.2006.07.017,45,3.16E-03,-2.500312917,Glass-Ceramic,#N/A,Amorphous*
2008,Li3Fe2P3O12,10.1016/0167-2738(90)90442-T,25,1.11E-08,-7.953862132,Glass-Ceramic,Sulphides and Other Anions,Amorphous*
14,Li14ZnGe4O16,10.1016/0025-5408(78)90075-2,300,1.25E-01,-0.903089987,LISICON,#N/A,Pmn21 (31); P1 (1); R-3 (148);
489,Li3.2PO3.1N0.7,10.1016/j.ssi.2005.10.021,25,5.00E-07,-6.301029996,LISICON,Oxides and Other Anions,Pmn21 (31); P1 (1); R-3 (148);
540,Li3.8Ge0.8P0.2O4,10.1021/acs.chemmater.8b01504,30,1.03E-06,-5.987162775,LISICON,Oxides,Pmn21 (31); P1 (1); R-3 (148);
541,Li3PO4,10.1021/acs.chemmater.8b01504,30,1.75E-13,-12.75696195,LISICON,Oxides,Pmn21 (31); P1 (1); R-3 (148);
542,Li3VO4,10.1021/acs.chemmater.8b01504,30,9.20E-14,-13.03621217,LISICON,Oxides,Pmn21 (31); P1 (1); R-3 (148);
543,Li3.2Ge0.2P0.8O4,10.1021/acs.chemmater.8b01504,30,1.14E-06,-5.943095149,LISICON,Oxides,Pmn21 (31); P1 (1); R-3 (148);
544,Li3V0.6P0.4O4,10.1021/acs.chemmater.8b01504,30,3.55E-13,-12.44977165,LISICON,Oxides,Pmn21 (31); P1 (1); R-3 (148);
546,Li3P0.2V0.8O4,10.1021/acs.chemmater.8b01504,30,1.31E-13,-12.88438949,LISICON,Oxides,Pmn21 (31); P1 (1); R-3 (148);
547,Li3.6Ge0.6P0.4O4,10.1021/acs.chemmater.8b01504,30,1.10E-05,-4.958607315,LISICON,Oxides,Pmn21 (31); P1 (1); R-3 (148);
548,Li3.4Ge0.4P0.6O4,10.1021/acs.chemmater.8b01504,30,4.50E-06,-5.346787486,LISICON,Oxides,Pmn21 (31); P1 (1); R-3 (148);
549,Li3.2Ge0.2V0.8O4,10.1021/acs.chemmater.8b01504,30,1.90E-05,-4.721246399,LISICON,Oxides,Pmn21 (31); P1 (1); R-3 (148);
550,Li3.6Ge0.6V0.4O4,10.1021/acs.chemmater.8b01504,30,3.19E-05,-4.496209317,LISICON,Oxides,Pmn21 (31); P1 (1); R-3 (148);
551,Li3.8Ge0.8V0.2O4,10.1021/acs.chemmater.8b01504,30,2.71E-06,-5.567030709,LISICON,Oxides,Pmn21 (31); P1 (1); R-3 (148);
553,Li3.4Ge0.4V0.6O4,10.1021/acs.chemmater.8b01504,30,8.89E-07,-6.051098239,LISICON,Oxides,Pmn21 (31); P1 (1); R-3 (148);
554,Li3P0.6V0.4O4,10.1021/acs.chemmater.8b01504,30,3.20E-13,-12.49485002,LISICON,Oxides,Pmn21 (31); P1 (1); R-3 (148);
555,Li4GeO4,10.1021/acs.chemmater.8b01504,30,1.30E-12,-11.88605665,LISICON,Oxides,Pmn21 (31); P1 (1); R-3 (148);
556,Li3P0.8V0.2O4,10.1021/acs.chemmater.8b01504,30,2.05E-13,-12.68824614,LISICON,Oxides,Pmn21 (31); P1 (1); R-3 (148);
564,Li4Al0.33Si0.33P0.33O4,10.1021/acsami.6b14402,249,4.71E-03,-2.326979093,LISICON,#N/A,Pmn21 (31); P1 (1); R-3 (148);
565,Li4Al0.33Si0.17Ge0.17P0.33O4,10.1021/acsami.6b14402,215,3.53E-03,-2.452225295,LISICON,#N/A,Pmn21 (31); P1 (1); R-3 (148);
566,Li4Al0.33Si0.17Ge0.17P0.33O4,10.1021/acsami.6b14402,47,3.93E-06,-5.40560745,LISICON,#N/A,Pmn21 (31); P1 (1); R-3 (148);
567,Li4.25Si0.75Al0.25O4,10.1021/acsami.6b14402,242,8.80E-04,-3.055517328,LISICON,#N/A,Pmn21 (31); P1 (1); R-3 (148);
568,Li3.75Si0.75P0.25O4,10.1021/acsami.6b14402,228.73,2.39E-04,-3.621602099,LISICON,#N/A,Pmn21 (31); P1 (1); R-3 (148);
569,Li4Al0.33Si0.33P0.33O4,10.1021/acsami.6b14402,125.29,1.98E-04,-3.70333481,LISICON,#N/A,Pmn21 (31); P1 (1); R-3 (148);
570,Li3.75Si0.75P0.25O4,10.1021/acsami.6b14402,149.36,2.91E-05,-4.536107011,LISICON,#N/A,Pmn21 (31); P1 (1); R-3 (148);
571,Li4Al0.33Si0.33P0.33O4,10.1021/acsami.6b14402,76.66,1.93E-05,-4.714442691,LISICON,#N/A,Pmn21 (31); P1 (1); R-3 (148);
572,Li4.25Si0.75Al0.25O4,10.1021/acsami.6b14402,124.96,6.37E-06,-5.195860568,LISICON,#N/A,Pmn21 (31); P1 (1); R-3 (148);
573,Li3.75Si0.75P0.25O4,10.1021/acsami.6b14402,100.96,5.03E-06,-5.298432015,LISICON,#N/A,Pmn21 (31); P1 (1); R-3 (148);
574,Li3.75Si0.75P0.25O4,10.1021/acsami.6b14402,75.47,2.46E-06,-5.609064893,LISICON,#N/A,Pmn21 (31); P1 (1); R-3 (148);
575,Li4.25Si0.75Al0.25O4,10.1021/acsami.6b14402,74.28,2.88E-07,-6.540607512,LISICON,#N/A,Pmn21 (31); P1 (1); R-3 (148);
576,Li4.25Si0.75Al0.25O4,10.1021/acsami.6b14402,50.34,4.10E-08,-7.387216143,LISICON,#N/A,Pmn21 (31); P1 (1); R-3 (148);
691,Li3Cr(MoO4)3,10.1039/B301189e,600,3.90E-03,-2.408935393,LISICON,#N/A,Pmn21 (31); P1 (1); R-3 (148);
704,Li4SiO4,10.1016/0025-5408(76)90235-X,25,2.00E-10,-9.698970004,LISICON,Oxides,Pmn21 (31); P1 (1); R-3 (148);
705,Li4GeO4,10.1016/0025-5408(76)90235-X,25,3.10E-12,-11.50863831,LISICON,Oxides,Pmn21 (31); P1 (1); R-3 (148);
707,Li3.5Ge0.5V0.5O4,10.1016/0025-5408(80)90249-4,25,7.00E-05,-4.15490196,LISICON,Oxides,Pmn21 (31); P1 (1); R-3 (148);
716,Li3VO4,10.1016/S0924-0136(01)01044-5,25,1.67E-06,-5.777283529,LISICON,Oxides,Pmn21 (31); P1 (1); R-3 (148);
726,Li13.6Si2.8S1.2O16,10.1016/0013-4686(77)80035-2,25,6.00E-07,-6.22184875,LISICON,Oxides,Pmn21 (31); P1 (1); R-3 (148);
735,Li14ZnGe4O16,10.1149/1.2119778,25,1.00E-06,-6,LISICON,Oxides,Pmn21 (31); P1 (1); R-3 (148);
738,Li2.88PO3.73N0.14,10.1006/jssc.1995.1140,25,1.40E-13,-12.85387196,LISICON,Oxides,Pmn21 (31); P1 (1); R-3 (148);
2017,Li4Al0.33Si0.33P0.33O4,10.1021/acsami.6b14402,25,3.25E-06,-5.487904825,LISICON,Oxides,Pmn21 (31); P1 (1); R-3 (148);
2018,Li4Al0.33Si0.17Ge0.17P0.33O4,10.1021/acsami.6b14402,25,1.61E-06,-5.792359875,LISICON,Oxides,Pmn21 (31); P1 (1); R-3 (148);
2019,Li4.25Si0.75Al0.25O4,10.1021/acsami.6b14402,25,2.02E-08,-7.695350471,LISICON,Oxides,Pmn21 (31); P1 (1); R-3 (148);
2020,Li3.75Si0.75P0.25O4,10.1021/acsami.6b14402,25,5.54E-07,-6.25635315,LISICON,Oxides,Pmn21 (31); P1 (1); R-3 (148);
2022,Li3Cr(MoO4)3,10.1039/B301189e,25,3.19E-09,-8.496443639,LISICON,Oxides,Pmn21 (31); P1 (1); R-3 (148);
314,Li0.95Hf1.95Ta0.05(PO4)3,10.1016/0025-5408(77)90161-1,300,6.60E-04,-3.180456064,Lysonite,#N/A,Not well stablished
487,Li1.5Mg2.5V0.5Mo2.5O12,10.1016/j.jssc.2010.08.042,440,1.00E-06,-6,Lysonite,#N/A,Not well stablished
692,Li2Mg2(MoO4)3,10.1039/B301189e,600,2.33E-03,-2.632644079,Lysonite,#N/A,Not well stablished
693,Li3Fe(MoO4)3,10.1039/B301189e,600,1.40E-03,-2.853871964,Lysonite,#N/A,Not well stablished
694,Li3Cr(MoO4)3,10.1039/B301189e,300,2.60E-06,-5.585026652,Lysonite,#N/A,Not well stablished
695,Li3Fe(MoO4)3,10.1039/B301189e,300,6.60E-07,-6.180456064,Lysonite,#N/A,Not well stablished
696,Li2Mg2(MoO4)3,10.1039/B301189e,276,3.16E-08,-7.500312917,Lysonite,#N/A,Not well stablished
2023,Li2Mg2(MoO4)3,10.1039/B301189e,25,5.35E-12,-11.2712539,Lysonite,Oxides,Not well stablished
2024,Li3Fe(MoO4)3,10.1039/B301189e,25,5.89E-10,-9.229824822,Lysonite,Oxides,Not well stablished
26,Li1.3Al0.3Ti1.7(PO4)3,10.1016/j.ssi.2014.07.018,24.85,6.20E-03,-2.207608311,NASICON,Oxides,R-3c (167); R-3 (148); C2/c (15); P21/c (14); P1 (1)
27,Li1.3Al0.3Ti1.7(PO4)3,10.1016/j.ssi.2016.07.010,24.85,1.21E-03,-2.91721463,NASICON,Oxides,R-3c (167); R-3 (148); C2/c (15); P21/c (14); P1 (1)
29,Li1.2Ti1.8Sc0.2(PO4)3,10.1021/acs.inorgchem.6b02274,25,2.31E-04,-3.63638802,NASICON,Oxides,R-3c (167); R-3 (148); C2/c (15); P21/c (14); P1 (1)
30,Li1.6Al0.6Ge0.8(PO4)3,10.1021/cm021717j,24.85,7.00E-04,-3.15490196,NASICON,Oxides,R-3c (167); R-3 (148); C2/c (15); P21/c (14); P1 (1)
35,LiTi2(PO4)3,10.1021/jp973296c,24.85,3.83E-07,-6.416801226,NASICON,Oxides,R-3c (167); R-3 (148); C2/c (15); P21/c (14); P1 (1)
40,Li1.4Al0.4Ti1.6(PO4)3,10.1039/C5TA08545D,24.85,5.63E-03,-2.249491605,NASICON,Oxides,R-3c (167); R-3 (148); C2/c (15); P21/c (14); P1 (1)
97,Li1.3Al0.3Ti1.7(PO4)3,10.1007/s11581-007-0197-5,58.17,2.40E-04,-3.619788758,NASICON,#N/A,R-3c (167); R-3 (148); C2/c (15); P21/c (14); P1 (1)
98,Li1.3Al0.3Ti1.7(PO4)3,10.1007/s11581-007-0197-5,25,5.20E-07,-6.283996656,NASICON,Oxides,R-3c (167); R-3 (148); C2/c (15); P21/c (14); P1 (1)
99,Li1.3Al0.3Ti1.7(PO4)3,10.1007/s11581-007-0197-5,21.42,3.33E-07,-6.477555766,NASICON,Oxides,R-3c (167); R-3 (148); C2/c (15); P21/c (14); P1 (1)
107, Li0.8La0.066Zr2(PO4)3,10.1007/s11581-009-0332-6,225.81,3.17E-03,-2.498940738,NASICON,#N/A,R-3c (167); R-3 (148); C2/c (15); P21/c (14); P1 (1)
108, Li0.8La0.066Zr2(PO4)3,10.1007/s11581-009-0332-6,176.37,8.86E-04,-3.052566278,NASICON,#N/A,R-3c (167); R-3 (148); C2/c (15); P21/c (14); P1 (1)
109, Li0.8La0.066Zr2(PO4)3,10.1007/s11581-009-0332-6,126.37,1.76E-04,-3.754487332,NASICON,#N/A,R-3c (167); R-3 (148); C2/c (15); P21/c (14); P1 (1)
110, Li0.8La0.066Zr2(PO4)3,10.1007/s11581-009-0332-6,77.03,3.73E-05,-4.428291168,NASICON,#N/A,R-3c (167); R-3 (148); C2/c (15); P21/c (14); P1 (1)
155,Li0.7Al0.3Ti1.7(PO4)3,10.1016/j.jpowsour.2008.08.009,60.08,4.01E-04,-3.396855627,NASICON,#N/A,R-3c (167); R-3 (148); C2/c (15); P21/c (14); P1 (1)
156,Li0.7Al0.3Ti1.7(PO4)3,10.1016/j.jpowsour.2008.08.009,40.2,2.02E-04,-3.694648631,NASICON,#N/A,R-3c (167); R-3 (148); C2/c (15); P21/c (14); P1 (1)
157,Li0.7Al0.3Ti1.7(PO4)3,10.1016/j.jpowsour.2008.08.009,19.74,7.73E-05,-4.111820506,NASICON,Oxides,R-3c (167); R-3 (148); C2/c (15); P21/c (14); P1 (1)
166,Li1.4Al0.4(Ge0.67Ti0.33)1.6(PO4)3,10.1016/j.ssi.2004.05.009,143,4.12E-03,-2.385102784,NASICON,#N/A,R-3c (167); R-3 (148); C2/c (15); P21/c (14); P1 (1)
167,Li1.4Al0.4(Ge0.67Ti0.33)1.6(PO4)3,10.1016/j.ssi.2004.05.009,97,2.04E-03,-2.690369833,NASICON,#N/A,R-3c (167); R-3 (148); C2/c (15); P21/c (14); P1 (1)
168,Li1.4Al0.4(Ge0.67Ti0.33)1.6(PO4)3,10.1016/j.ssi.2004.05.009,60,1.17E-03,-2.931814138,NASICON,#N/A,R-3c (167); R-3 (148); C2/c (15); P21/c (14); P1 (1)
169,Li1.4Al0.4(Ge0.67Ti0.33)1.6(PO4)3,10.1016/j.ssi.2004.05.009,21,6.76E-04,-3.170053304,NASICON,Oxides,R-3c (167); R-3 (148); C2/c (15); P21/c (14); P1 (1)
170,Li1.4Al0.4Ti1.6(PO4)3,10.1016/j.ssi.2006.04.010,203,1.04E-02,-1.982966661,NASICON,#N/A,R-3c (167); R-3 (148); C2/c (15); P21/c (14); P1 (1)
171,Li1.4Al0.4Ti1.6(PO4)3,10.1016/j.ssi.2006.04.010,143,7.07E-03,-2.150580586,NASICON,#N/A,R-3c (167); R-3 (148); C2/c (15); P21/c (14); P1 (1)
172,Li1.4Al0.4Ti1.6(PO4)3,10.1016/j.ssi.2006.04.010,21,9.17E-04,-3.037630664,NASICON,Oxides,R-3c (167); R-3 (148); C2/c (15); P21/c (14); P1 (1)
247,Li1.076Al0.6923Ti1.462(PO4)3,10.1016/S0167-2738(97)00018-0,58,3.74E-03,-2.427128398,NASICON,#N/A,R-3c (167); R-3 (148); C2/c (15); P21/c (14); P1 (1)
248,Li1.076Al0.6923Ti1.462(PO4)3,10.1016/S0167-2738(97)00018-0,21,8.25E-04,-3.083546051,NASICON,Oxides,R-3c (167); R-3 (148); C2/c (15); P21/c (14); P1 (1)
249,Li1.5Al0.5Ge1.5(PO4)3,10.1016/S0167-2738(97)00434-7,25,2.18E-04,-3.661543506,NASICON,Oxides,R-3c (167); R-3 (148); C2/c (15); P21/c (14); P1 (1)
250,LiGe2(PO4)3,10.1016/S0167-2738(97)00434-7,21.23,1.00E-06,-6,NASICON,Oxides,R-3c (167); R-3 (148); C2/c (15); P21/c (14); P1 (1)
303,Li2.7Cr1.7Hf0.3(PO4)3,10.1016/S0167-2738(98)00207-0,171,2.25E-05,-4.647817482,NASICON,#N/A,R-3c (167); R-3 (148); C2/c (15); P21/c (14); P1 (1)
304,Li2.5Cr1.5Hf0.5(PO4)3,10.1016/S0167-2738(98)00207-0,300,3.55E-04,-3.449771647,NASICON,#N/A,R-3c (167); R-3 (148); C2/c (15); P21/c (14); P1 (1)
305,Li1.7Cr0.7Hf1.3(PO4)3,10.1016/S0167-2738(98)00207-0,300,5.28E-04,-3.277366077,NASICON,#N/A,R-3c (167); R-3 (148); C2/c (15); P21/c (14); P1 (1)
306,Li2.3Cr1.3Hf0.7(PO4)3,10.1006/jssc.2000.8658,300,1.81E-04,-3.742321425,NASICON,#N/A,R-3c (167); R-3 (148); C2/c (15); P21/c (14); P1 (1)
307,Li2CrHf(PO4)3,10.1016/S0167-2738(96)00565-6,300,3.35E-04,-3.474955193,NASICON,#N/A,R-3c (167); R-3 (148); C2/c (15); P21/c (14); P1 (1)
308,Li1.3Fe0.3Ti1.7(PO4)3,10.1007/s10008-002-0314-3,300,8.58E-03,-2.066512712,NASICON,#N/A,R-3c (167); R-3 (148); C2/c (15); P21/c (14); P1 (1)
309,Li2AlZr(PO4)3,10.1007/s10008-008-0520-8,300,3.40E-06,-5.468521083,NASICON,#N/A,R-3c (167); R-3 (148); C2/c (15); P21/c (14); P1 (1)
310,Li1.3Al0.1Sc0.2Ti1.7(PO4)3,10.1007/s10008-012-1780-x,25,4.26E-04,-3.370590401,NASICON,Oxides,R-3c (167); R-3 (148); C2/c (15); P21/c (14); P1 (1)
311,Li1.3Al0.2Sc0.1Ti1.7(PO4)3,10.1007/s10008-012-1780-x,25,2.69E-04,-3.57024772,NASICON,Oxides,R-3c (167); R-3 (148); C2/c (15); P21/c (14); P1 (1)
312,Li1.15Fe0.15Ti1.85(PO4)3,10.1007/s11164-013-1348-0,25,5.22E-04,-3.282329497,NASICON,Oxides,R-3c (167); R-3 (148); C2/c (15); P21/c (14); P1 (1)
313,LiTi2(PO4)3,10.1007/s11164-013-1348-0,25,7.20E-05,-4.142667504,NASICON,Oxides,R-3c (167); R-3 (148); C2/c (15); P21/c (14); P1 (1)
315,Li0.95Zr1.95Ta0.05(PO4)3,10.1016/0025-5408(77)90161-1,300,7.30E-04,-3.13667714,NASICON,#N/A,R-3c (167); R-3 (148); C2/c (15); P21/c (14); P1 (1)
316,Li0.9Zr1.9Ta0.1(PO4)3,10.1016/0025-5408(77)90161-1,300,9.50E-04,-3.022276395,NASICON,#N/A,R-3c (167); R-3 (148); C2/c (15); P21/c (14); P1 (1)
317,Li0.5Hf1.5Ta0.5(PO4)3,10.1016/0025-5408(77)90161-1,200,9.30E-04,-3.031517051,NASICON,#N/A,R-3c (167); R-3 (148); C2/c (15); P21/c (14); P1 (1)
318,Li0.8Zr1.8Nb0.2(PO4)3,10.1016/0025-5408(77)90161-1,200,7.40E-05,-4.13076828,NASICON,#N/A,R-3c (167); R-3 (148); C2/c (15); P21/c (14); P1 (1)
320,Li0.5Zr1.5Ta0.5(PO4)3,10.1016/0025-5408(77)90161-1,200,9.00E-04,-3.045757491,NASICON,#N/A,R-3c (167); R-3 (148); C2/c (15); P21/c (14); P1 (1)
321,Li0.85Hf1.85Ta0.15(PO4)3,10.1016/0025-5408(77)90161-1,200,5.10E-04,-3.292429824,NASICON,#N/A,R-3c (167); R-3 (148); C2/c (15); P21/c (14); P1 (1)
322,Li0.5Zr1.5Nb0.5(PO4)3,10.1016/0025-5408(89)90129-3,200,1.97E-03,-2.705533774,NASICON,#N/A,R-3c (167); R-3 (148); C2/c (15); P21/c (14); P1 (1)
323,Li0.6Zr1.6Nb0.4(PO4)3,10.1016/0025-5408(89)90129-3,200,2.92E-04,-3.534617149,NASICON,#N/A,R-3c (167); R-3 (148); C2/c (15); P21/c (14); P1 (1)
324,Li0.8Hf1.8Nb0.2(PO4)3,10.1016/0025-5408(89)90129-3,200,2.13E-04,-3.671620397,NASICON,#N/A,R-3c (167); R-3 (148); C2/c (15); P21/c (14); P1 (1)
325,Li0.1Zr1.1Nb0.9(PO4)3,10.1016/0025-5408(89)90129-3,200,1.97E-03,-2.705533774,NASICON,#N/A,R-3c (167); R-3 (148); C2/c (15); P21/c (14); P1 (1)
326,LiHfTi(PO4)3,10.1016/0025-5408(89)90129-3,23,5.63E-07,-6.249491605,NASICON,Oxides,R-3c (167); R-3 (148); C2/c (15); P21/c (14); P1 (1)
327,Li0.2Zr1.2Nb0.8(PO4)3,10.1016/0025-5408(89)90129-3,25,2.38E-07,-6.623423043,NASICON,Oxides,R-3c (167); R-3 (148); C2/c (15); P21/c (14); P1 (1)
328,Li3Fe2(PO4)3,10.1016/0167-2738(83)90101-7,50,5.60E-08,-7.251811973,NASICON,#N/A,R-3c (167); R-3 (148); C2/c (15); P21/c (14); P1 (1)
329,Li3Cr2(PO4)3,10.1016/0167-2738(83)90101-7,50,2.50E-08,-7.602059991,NASICON,#N/A,R-3c (167); R-3 (148); C2/c (15); P21/c (14); P1 (1)
332,Li1.6Ga0.6Ti1.4(PO4)3,10.1016/0167-2738(86)90176-1,25,1.30E-05,-4.886056648,NASICON,Oxides,R-3c (167); R-3 (148); C2/c (15); P21/c (14); P1 (1)
333,Li1.2Sc0.2Ti1.8(PO4)3,10.1016/0167-2738(86)90179-7,25,2.46E-04,-3.609064893,NASICON,Oxides,R-3c (167); R-3 (148); C2/c (15); P21/c (14); P1 (1)
334,Li1.8Sc0.8Ti1.2(PO4)3,10.1016/0167-2738(86)90179-7,25,8.80E-04,-3.055517328,NASICON,Oxides,R-3c (167); R-3 (148); C2/c (15); P21/c (14); P1 (1)
335,Li1.3Sc0.3Ti1.7(PO4)3,10.1016/0167-2738(86)90179-7,25,5.68E-04,-3.245651664,NASICON,Oxides,R-3c (167); R-3 (148); C2/c (15); P21/c (14); P1 (1)
336,Li1.1Sc0.1Ti1.9(PO4)3,10.1016/0167-2738(86)90179-7,25,1.58E-04,-3.801342913,NASICON,Oxides,R-3c (167); R-3 (148); C2/c (15); P21/c (14); P1 (1)
337,Li1.2Sc0.2Ti1.6Zr0.2(PO4)3,10.1016/0167-2738(86)90179-7,25,1.20E-04,-3.920818754,NASICON,Oxides,R-3c (167); R-3 (148); C2/c (15); P21/c (14); P1 (1)
338,LiTi1.75Zr0.25(PO4)3,10.1016/0167-2738(90)90188-W,154,7.35E-05,-4.133712661,NASICON,#N/A,R-3c (167); R-3 (148); C2/c (15); P21/c (14); P1 (1)
339,Li1.3In0.3Hf1.7(PO4)3,10.1016/0167-2738(86)90179-7,25,1.00E-05,-5,NASICON,Oxides,R-3c (167); R-3 (148); C2/c (15); P21/c (14); P1 (1)
340,LiTi0.2Zr1.8(PO4)3,10.1016/0167-2738(86)90179-7,25,5.60E-08,-7.251811973,NASICON,Oxides,R-3c (167); R-3 (148); C2/c (15); P21/c (14); P1 (1)
341,Li1.2Sc0.2Ti0.2Zr1.5(PO4)3,10.1016/0167-2738(86)90179-7,25,3.10E-07,-6.508638306,NASICON,Oxides,R-3c (167); R-3 (148); C2/c (15); P21/c (14); P1 (1)
342,LiTi1.8Zr0.2(PO4)3,10.1016/0167-2738(86)90179-7,25,8.50E-08,-7.070581074,NASICON,Oxides,R-3c (167); R-3 (148); C2/c (15); P21/c (14); P1 (1)
343,LiTi0.5Zr1.5(PO4)3,10.1016/0167-2738(86)90179-7,25,6.20E-08,-7.207608311,NASICON,Oxides,R-3c (167); R-3 (148); C2/c (15); P21/c (14); P1 (1)
344,LiTi0.5Zr1.5(PO4)3,10.1016/0167-2738(86)90179-7,300,5.20E-04,-3.283996656,NASICON,#N/A,R-3c (167); R-3 (148); C2/c (15); P21/c (14); P1 (1)
346,LiTiZr(PO4)3,10.1016/0167-2738(86)90179-7,25,4.00E-08,-7.397940009,NASICON,Oxides,R-3c (167); R-3 (148); C2/c (15); P21/c (14); P1 (1)
348,LiTi0.1Zr1.9(PO4)3,10.1016/0167-2738(86)90179-7,25,3.20E-08,-7.494850022,NASICON,Oxides,R-3c (167); R-3 (148); C2/c (15); P21/c (14); P1 (1)
349,Li1.35In0.35Ti1.65(PO4)3,10.1016/0167-2738(86)90183-9,300,2.10E-02,-1.677780705,NASICON,#N/A,R-3c (167); R-3 (148); C2/c (15); P21/c (14); P1 (1)
350,Li1.2Al1.1Ta0.9(PO4)3,10.1039/A807007E,30,6.50E-07,-6.187086643,NASICON,Oxides,R-3c (167); R-3 (148); C2/c (15); P21/c (14); P1 (1)
351,LiAlTa(PO4)3,10.1039/A807007E,30,6.50E-07,-6.187086643,NASICON,Oxides,R-3c (167); R-3 (148); C2/c (15); P21/c (14); P1 (1)
352,Li2.8In1.8Ti0.2(PO4)3,10.1016/0167-2738(86)90183-9,300,8.24E-03,-2.084072788,NASICON,#N/A,R-3c (167); R-3 (148); C2/c (15); P21/c (14); P1 (1)
353,LiFeTa(PO4)3,10.1039/A807007E,350,3.35E-04,-3.474955193,NASICON,#N/A,R-3c (167); R-3 (148); C2/c (15); P21/c (14); P1 (1)
354,LiCrTa(PO4)3,10.1039/A807007E,61,3.16E-07,-6.500312917,NASICON,#N/A,R-3c (167); R-3 (148); C2/c (15); P21/c (14); P1 (1)
355,Li1.8Cr0.8Ti1.2(PO4)3,10.1016/0167-2738(88)90291-3,300,4.80E-03,-2.318758763,NASICON,#N/A,R-3c (167); R-3 (148); C2/c (15); P21/c (14); P1 (1)
358,Li1.5Cr0.5Ti1.5(PO4)3,10.1149/1.2086597,25,3.91E-04,-3.407823243,NASICON,Oxides,R-3c (167); R-3 (148); C2/c (15); P21/c (14); P1 (1)
359,Li1.6Cr0.6Ti1.4(PO4)3,10.1149/1.2086597,25,1.47E-04,-3.832682665,NASICON,Oxides,R-3c (167); R-3 (148); C2/c (15); P21/c (14); P1 (1)
360,Li1.3Cr0.3Ti1.7 (PO4)3,10.1149/1.2086597,25,3.53E-05,-4.452225295,NASICON,Oxides,R-3c (167); R-3 (148); C2/c (15); P21/c (14); P1 (1)
361,Li1.3Cr0.3Ge1.7(PO4)3,10.1016/0167-2738(88)90368-2,25,3.69E-05,-4.432973634,NASICON,Oxides,R-3c (167); R-3 (148); C2/c (15); P21/c (14); P1 (1)
362,Li3Al0.4Sc1.6(PO4)3,10.1016/0167-2738(93)90015-U,25,1.28E-05,-4.89279003,NASICON,Oxides,R-3c (167); R-3 (148); C2/c (15); P21/c (14); P1 (1)
363,Li1.2Fe0.2Hf1.8(PO4)3,10.1016/0167-2738(93)90387-I,25,1.70E-04,-3.769551079,NASICON,Oxides,R-3c (167); R-3 (148); C2/c (15); P21/c (14); P1 (1)
364,Li1.2In0.2Hf1.8(PO4)3,10.1016/0167-2738(93)90387-I,25,1.32E-04,-3.879426069,NASICON,Oxides,R-3c (167); R-3 (148); C2/c (15); P21/c (14); P1 (1)
365,Li1.3In0.3Hf1.7(PO4)3,10.1016/0167-2738(93)90387-I,25,1.42E-04,-3.847711656,NASICON,Oxides,R-3c (167); R-3 (148); C2/c (15); P21/c (14); P1 (1)
366,Li1.4In0.4Hf1.6(PO4)3,10.1016/0167-2738(93)90387-I,25,1.42E-04,-3.847711656,NASICON,Oxides,R-3c (167); R-3 (148); C2/c (15); P21/c (14); P1 (1)
367,Li1.1Fe0.1Hf1.9(PO4)3,10.1016/0167-2738(93)90387-I,25,1.07E-04,-3.970616222,NASICON,Oxides,R-3c (167); R-3 (148); C2/c (15); P21/c (14); P1 (1)
368,Li1.2Lu0.2Hf1.8(PO4)3,10.1016/0167-2738(93)90387-I,25,9.79E-05,-4.009217308,NASICON,Oxides,R-3c (167); R-3 (148); C2/c (15); P21/c (14); P1 (1)
369,Li1.2Y0.2Hf1.8(PO4)3,10.1016/0167-2738(93)90387-I,25,3.19E-05,-4.496209317,NASICON,Oxides,R-3c (167); R-3 (148); C2/c (15); P21/c (14); P1 (1)
370,Li1.1Y0.1Hf1.9(PO4)3,10.1016/0167-2738(93)90387-I,25,9.18E-05,-4.037157319,NASICON,Oxides,R-3c (167); R-3 (148); C2/c (15); P21/c (14); P1 (1)
371,Li1.2Sc0.2Hf1.8(PO4)3,10.1016/0167-2738(93)90387-I,25,5.86E-05,-4.232102384,NASICON,Oxides,R-3c (167); R-3 (148); C2/c (15); P21/c (14); P1 (1)
372,Li1.3Sc0.3Hf1.7(PO4)3,10.1016/0167-2738(93)90387-I,25,8.32E-05,-4.079876674,NASICON,Oxides,R-3c (167); R-3 (148); C2/c (15); P21/c (14); P1 (1)
373,Li1.1Lu0.1Hf1.9(PO4)3,10.1016/0167-2738(93)90387-I,25,5.88E-05,-4.230622674,NASICON,Oxides,R-3c (167); R-3 (148); C2/c (15); P21/c (14); P1 (1)
374,Li1.4Y0.4Hf1.6(PO4)3,10.1016/0167-2738(93)90387-I,25,2.09E-05,-4.679853714,NASICON,Oxides,R-3c (167); R-3 (148); C2/c (15); P21/c (14); P1 (1)
375,Li1.4Sc0.4Hf1.6(PO4)3,10.1016/0167-2738(93)90387-I,25,6.17E-05,-4.209714836,NASICON,Oxides,R-3c (167); R-3 (148); C2/c (15); P21/c (14); P1 (1)
376,Li1.3Fe0.3Hf1.7(PO4)3,10.1016/0167-2738(93)90387-I,25,5.40E-05,-4.26760624,NASICON,Oxides,R-3c (167); R-3 (148); C2/c (15); P21/c (14); P1 (1)
377,Li1.3Lu0.3Hf1.7(PO4)3,10.1016/0167-2738(93)90387-I,25,3.56E-05,-4.448550002,NASICON,Oxides,R-3c (167); R-3 (148); C2/c (15); P21/c (14); P1 (1)
378,Li1.3Y0.3Hf1.7(PO4)3,10.1016/0167-2738(93)90387-I,25,3.19E-05,-4.496209317,NASICON,Oxides,R-3c (167); R-3 (148); C2/c (15); P21/c (14); P1 (1)
379,Li1.1Sc0.1Hf1.9(PO4)3,10.1016/0167-2738(93)90387-I,25,2.45E-05,-4.610833916,NASICON,Oxides,R-3c (167); R-3 (148); C2/c (15); P21/c (14); P1 (1)
380,Li1.4Lu0.4Hf1.6(PO4)3,10.1016/0167-2738(93)90387-I,25,2.06E-05,-4.68613278,NASICON,Oxides,R-3c (167); R-3 (148); C2/c (15); P21/c (14); P1 (1)
381,Li1.1In0.1Hf1.9(PO4)3,10.1016/0167-2738(93)90387-I,25,1.00E-06,-6,NASICON,Oxides,R-3c (167); R-3 (148); C2/c (15); P21/c (14); P1 (1)
382,Li1.3Cr0.3Hf1.7(PO4)3,10.1016/0167-2738(93)90387-I,25,5.26E-07,-6.279014256,NASICON,Oxides,R-3c (167); R-3 (148); C2/c (15); P21/c (14); P1 (1)
383,Li1.2Cr0.2Hf1.8(PO4)3,10.1016/0167-2738(93)90387-I,25,2.54E-07,-6.595166283,NASICON,Oxides,R-3c (167); R-3 (148); C2/c (15); P21/c (14); P1 (1)
384,Li1.5Cr0.5Hf1.5(PO4)3,10.1016/0167-2738(93)90387-I,25,1.18E-07,-6.928117993,NASICON,Oxides,R-3c (167); R-3 (148); C2/c (15); P21/c (14); P1 (1)
385,Li1.1Cr0.1Hf1.9(PO4)3,10.1016/0167-2738(93)90387-I,25,9.35E-08,-7.029188389,NASICON,Oxides,R-3c (167); R-3 (148); C2/c (15); P21/c (14); P1 (1)
386,Li1.3Eu0.3Ti1.7(PO4)3,10.1016/0167-2738(94)90299-2,25,6.00E-05,-4.22184875,NASICON,Oxides,R-3c (167); R-3 (148); C2/c (15); P21/c (14); P1 (1)
387,LiZr2(PO4)3,10.1016/0167-2738(90)90188-W,25,3.30E-06,-5.48148606,NASICON,Oxides,R-3c (167); R-3 (148); C2/c (15); P21/c (14); P1 (1)
388,LiHf2(PO4)3,10.1016/B978-0-08-021592-1.50024-6,25,3.80E-06,-5.420216403,NASICON,Oxides,R-3c (167); R-3 (148); C2/c (15); P21/c (14); P1 (1)
389,Li1.3Al0.3Ge1.4Ti0.3(PO4)3,10.1016/j.electacta.2005.12.055,227,1.10E-03,-2.958607315,NASICON,#N/A,R-3c (167); R-3 (148); C2/c (15); P21/c (14); P1 (1)
390,Li1.15Y0.15Zr1.85(PO4)3,10.1016/j.jpowsour.2013.03.175,25,7.10E-05,-4.148741651,NASICON,Oxides,R-3c (167); R-3 (148); C2/c (15); P21/c (14); P1 (1)
391,LiZr2(PO4)3,10.1016/j.jpowsour.2013.03.175,25,5.00E-08,-7.301029996,NASICON,Oxides,R-3c (167); R-3 (148); C2/c (15); P21/c (14); P1 (1)
392,Li0.8Zr1.8Ta0.2(PO4)3,10.1016/0025-5408(77)90161-1,200,7.40E-05,-4.13076828,NASICON,#N/A,R-3c (167); R-3 (148); C2/c (15); P21/c (14); P1 (1)
393,Li1.3Al0.29Sc0.01Ti1.7(PO4)3,10.1016/j.physb.2016.04.027,140,1.19E-04,-3.924453039,NASICON,#N/A,R-3c (167); R-3 (148); C2/c (15); P21/c (14); P1 (1)
394,Li1.3Al0.25Sc0.05Ti1.7(PO4)3,10.1016/j.physb.2016.04.027,140,1.08E-04,-3.966576245,NASICON,#N/A,R-3c (167); R-3 (148); C2/c (15); P21/c (14); P1 (1)
395,Li1.3Al0.27Sc0.03Ti1.7(PO4)3,10.1016/j.physb.2016.04.027,140,8.47E-05,-4.07211659,NASICON,#N/A,R-3c (167); R-3 (148); C2/c (15); P21/c (14); P1 (1)
396,Li1.3Al0.23Sc0.07Ti1.7(PO4)3,10.1016/j.physb.2016.04.027,140,7.00E-05,-4.15490196,NASICON,#N/A,R-3c (167); R-3 (148); C2/c (15); P21/c (14); P1 (1)
397,Li1.02Zr1.98Y0.02(PO4)3,10.1016/j.ssi.2003.12.037,25,1.15E-07,-6.93930216,NASICON,Oxides,R-3c (167); R-3 (148); C2/c (15); P21/c (14); P1 (1)
398,Li0.9Zr1.9Nb0.1(PO4)3,10.1016/j.ssi.2003.12.037,25,1.35E-06,-5.869666232,NASICON,Oxides,R-3c (167); R-3 (148); C2/c (15); P21/c (14); P1 (1)
399,Li0.98Zr1.98Nb0.02(PO4)3,10.1016/j.ssi.2003.12.037,25,2.50E-07,-6.602059991,NASICON,Oxides,R-3c (167); R-3 (148); C2/c (15); P21/c (14); P1 (1)
401,Li1.3Al0.2Y0.1Ti1.7(PO4)3,10.1016/j.ssi.2012.05.011,25,1.20E-04,-3.920818754,NASICON,Oxides,R-3c (167); R-3 (148); C2/c (15); P21/c (14); P1 (1)
402,Li1.3Al0.1Y0.2Ti1.7(PO4)3,10.1016/j.ssi.2012.05.011,25,7.30E-05,-4.13667714,NASICON,Oxides,R-3c (167); R-3 (148); C2/c (15); P21/c (14); P1 (1)
403,Li1.3Al0.15Y0.15Ti1.7(PO4)3,10.1016/j.ssi.2012.05.011,25,1.90E-05,-4.721246399,NASICON,Oxides,R-3c (167); R-3 (148); C2/c (15); P21/c (14); P1 (1)
404,Li1.4Al0.4Ge0.2Ti1.4(PO4)3,10.1016/j.ssi.2013.09.022,25,1.29E-03,-2.88941029,NASICON,Oxides,R-3c (167); R-3 (148); C2/c (15); P21/c (14); P1 (1)
405,Li1.4Al0.4Ge1.2Ti0.4(PO4)3,10.1016/j.ssi.2013.09.022,25,3.43E-04,-3.46470588,NASICON,Oxides,R-3c (167); R-3 (148); C2/c (15); P21/c (14); P1 (1)
406,Li1.4Al0.4Ge1.6(PO4)3,10.1016/j.ssi.2013.09.022,25,1.77E-04,-3.752026734,NASICON,Oxides,R-3c (167); R-3 (148); C2/c (15); P21/c (14); P1 (1)
407,Li2InTi(PO4)3,10.1016/S0167-2738(96)00565-6,25,8.30E-06,-5.080921908,NASICON,Oxides,R-3c (167); R-3 (148); C2/c (15); P21/c (14); P1 (1)
408,Li2CrZr(PO4)3,10.1016/S0167-2738(96)00565-6,25,5.91E-07,-6.228412519,NASICON,Oxides,R-3c (167); R-3 (148); C2/c (15); P21/c (14); P1 (1)
409,Li2CrTi(PO4)3,10.1016/S0167-2738(96)00565-6,25,4.41E-07,-6.355561411,NASICON,Oxides,R-3c (167); R-3 (148); C2/c (15); P21/c (14); P1 (1)
410,Li2FeTi(PO4)3,10.1016/S0167-2738(96)00565-6,25,3.34E-07,-6.476253533,NASICON,Oxides,R-3c (167); R-3 (148); C2/c (15); P21/c (14); P1 (1)
411,Li2FeZr(PO4)3,10.1016/S0167-2738(96)00565-6,25,1.44E-07,-6.841637508,NASICON,Oxides,R-3c (167); R-3 (148); C2/c (15); P21/c (14); P1 (1)
412,Li2InZr(PO4)3,10.1016/S0167-2738(96)00565-6,25,8.22E-08,-7.085128182,NASICON,Oxides,R-3c (167); R-3 (148); C2/c (15); P21/c (14); P1 (1)
413,Li2InHf(PO4)3,10.1016/S0167-2738(96)00565-6,25,2.74E-08,-7.562249437,NASICON,Oxides,R-3c (167); R-3 (148); C2/c (15); P21/c (14); P1 (1)
414,Li1.7Fe0.7Hf1.3(PO4)3,10.1016/S0167-2738(98)00207-0,171,2.68E-05,-4.571865206,NASICON,#N/A,R-3c (167); R-3 (148); C2/c (15); P21/c (14); P1 (1)
418,Li2.9Sc1.9Zr0.1(PO4)3,10.1016/S0925-8388(96)02746-6,150,1.06E-03,-2.974694135,NASICON,#N/A,R-3c (167); R-3 (148); C2/c (15); P21/c (14); P1 (1)
419,Li2.9Sc1.9Zr0.1(PO4)3,10.1016/S0925-8388(96)02746-6,273,1.44E-02,-1.841637508,NASICON,#N/A,R-3c (167); R-3 (148); C2/c (15); P21/c (14); P1 (1)
420,Li3Sc2(PO4)3,10.1016/S0925-8388(96)02746-6,150,3.49E-06,-5.457174573,NASICON,#N/A,R-3c (167); R-3 (148); C2/c (15); P21/c (14); P1 (1)
421,Li1.7Al0.7Ge1.3(PO4)3,10.1016/S0955-2219(99)00055-2,25,1.50E-04,-3.823908741,NASICON,Oxides,R-3c (167); R-3 (148); C2/c (15); P21/c (14); P1 (1)
422,Li1.5Al0.5Ge1.5(PO4)3,10.1016/S0955-2219(99)00055-2,25,2.80E-04,-3.552841969,NASICON,Oxides,R-3c (167); R-3 (148); C2/c (15); P21/c (14); P1 (1)
423,Li1.6Al0.6Ge1.4(PO4)3,10.1016/S0955-2219(99)00055-2,25,1.40E-04,-3.853871964,NASICON,Oxides,R-3c (167); R-3 (148); C2/c (15); P21/c (14); P1 (1)
424,Li1.3Al0.3Ge1.7(PO4)3,10.1016/S0955-2219(99)00055-2,25,3.90E-05,-4.408935393,NASICON,Oxides,R-3c (167); R-3 (148); C2/c (15); P21/c (14); P1 (1)
425,Li1.7Al0.7Ti1.3(PO4)3,10.1016/S0955-2219(99)00055-2,25,3.70E-05,-4.431798276,NASICON,Oxides,R-3c (167); R-3 (148); C2/c (15); P21/c (14); P1 (1)
426,Li1.1Al0.1Ti1.9(PO4)3,10.1016/S0955-2219(99)00055-2,25,3.00E-05,-4.522878745,NASICON,Oxides,R-3c (167); R-3 (148); C2/c (15); P21/c (14); P1 (1)
427,Li1.1Al0.1Ge1.9(PO4)3,10.1016/S0955-2219(99)00055-2,25,2.90E-06,-5.537602002,NASICON,Oxides,R-3c (167); R-3 (148); C2/c (15); P21/c (14); P1 (1)
430,Li1.5Al0.5Ti1.5(PO4)3,10.1021/cm010528i,25,1.10E-05,-4.958607315,NASICON,Oxides,R-3c (167); R-3 (148); C2/c (15); P21/c (14); P1 (1)
431,Li1.05Al0.05Ti1.95(PO4),10.1021/cm010528i,25,1.40E-06,-5.853871964,NASICON,Oxides,R-3c (167); R-3 (148); C2/c (15); P21/c (14); P1 (1)
432,Li1.6Al0.6Ge0.8Ti0.6(PO4)3,10.1021/cm021717j,25,1.10E-04,-3.958607315,NASICON,Oxides,R-3c (167); R-3 (148); C2/c (15); P21/c (14); P1 (1)
433,Li1.4Al0.4Ge1.0Ti0.6(PO4)3,10.1021/cm021717j,25,8.00E-05,-4.096910013,NASICON,Oxides,R-3c (167); R-3 (148); C2/c (15); P21/c (14); P1 (1)
434,Li1.8Al0.8Ge0.8Ti0.4(PO4)3,10.1021/cm021717j,25,7.00E-05,-4.15490196,NASICON,Oxides,R-3c (167); R-3 (148); C2/c (15); P21/c (14); P1 (1)
435,Li1.4Al0.4Ge0.8Ti0.8(PO4)3,10.1021/cm021717j,25,6.00E-05,-4.22184875,NASICON,Oxides,R-3c (167); R-3 (148); C2/c (15); P21/c (14); P1 (1)
436,Li1.6Al0.6Ge1.0Ti0.4(PO4)3,10.1021/cm021717j,25,5.00E-05,-4.301029996,NASICON,Oxides,R-3c (167); R-3 (148); C2/c (15); P21/c (14); P1 (1)
437,Li1.2Al0.2Ge0.8Ti(PO4)3,10.1021/cm021717j,25,3.00E-05,-4.522878745,NASICON,Oxides,R-3c (167); R-3 (148); C2/c (15); P21/c (14); P1 (1)
438,Li1.2Al0.2Ge1.0Ti0.8(PO4)3,10.1021/cm021717j,25,3.00E-05,-4.522878745,NASICON,Oxides,R-3c (167); R-3 (148); C2/c (15); P21/c (14); P1 (1)
439,Li1.8Al0.8Ge1.0Ti0.2(PO4)3,10.1021/cm021717j,25,3.00E-05,-4.522878745,NASICON,Oxides,R-3c (167); R-3 (148); C2/c (15); P21/c (14); P1 (1)
440,Li1.2Ga0.2Ti1.8(PO4)3,10.1021/cm030422i,250,6.60E-07,-6.180456064,NASICON,#N/A,R-3c (167); R-3 (148); C2/c (15); P21/c (14); P1 (1)
441,LiGe2(PO4)3,10.1021/jp9085602,25,7.20E-07,-6.142667504,NASICON,Oxides,R-3c (167); R-3 (148); C2/c (15); P21/c (14); P1 (1)
446,LiCrSb(PO4)3,10.1063/1.2357843,30,3.57E-10,-9.447331784,NASICON,Oxides,R-3c (167); R-3 (148); C2/c (15); P21/c (14); P1 (1)
448,LiAlSb(PO4)3,10.1063/1.2357843,30,3.17E-08,-7.498940738,NASICON,Oxides,R-3c (167); R-3 (148); C2/c (15); P21/c (14); P1 (1)
449,LiFeSb(PO4)3,10.1063/1.2357843,30,1.37E-06,-5.863279433,NASICON,Oxides,R-3c (167); R-3 (148); C2/c (15); P21/c (14); P1 (1)
451,Li1.3Al0.3Ti1.7(PO4)3,10.1149/1.2086597,25,2.16E-03,-2.665546249,NASICON,Oxides,R-3c (167); R-3 (148); C2/c (15); P21/c (14); P1 (1)
452,Li1.3Sc0.3Ti1.7(PO4)3,10.1149/1.2086597,25,7.94E-04,-3.100179498,NASICON,Oxides,R-3c (167); R-3 (148); C2/c (15); P21/c (14); P1 (1)
453,Li1.2Y0.2Ti1.8(PO4)3,10.1149/1.2086597,25,5.04E-04,-3.297569464,NASICON,Oxides,R-3c (167); R-3 (148); C2/c (15); P21/c (14); P1 (1)
454,Li1.4Y0.4Ti1.6(PO4)3,10.1149/1.2096693,25,6.10E-04,-3.214670165,NASICON,Oxides,R-3c (167); R-3 (148); C2/c (15); P21/c (14); P1 (1)
455,Li0.7Al0.3Ti1.7(PO4)3,10.1149/1.2086597,25,5.88E-04,-3.230622674,NASICON,Oxides,R-3c (167); R-3 (148); C2/c (15); P21/c (14); P1 (1)
456,Li1.3Y0.3Ti1.7(PO4)3,10.1149/1.2086597,25,5.54E-04,-3.256490235,NASICON,Oxides,R-3c (167); R-3 (148); C2/c (15); P21/c (14); P1 (1)
457,Li1.2Fe0.2Ti1.8(PO4)3,10.1149/1.2086597,25,3.51E-04,-3.454692884,NASICON,Oxides,R-3c (167); R-3 (148); C2/c (15); P21/c (14); P1 (1)
458,Li1.4Sc0.4Ti1.6(PO4)3,10.1149/1.2086597,25,5.15E-04,-3.288192771,NASICON,Oxides,R-3c (167); R-3 (148); C2/c (15); P21/c (14); P1 (1)
459,Li1.2In0.2Ti1.8(PO4)3,10.1149/1.2086597,25,4.01E-04,-3.396855627,NASICON,Oxides,R-3c (167); R-3 (148); C2/c (15); P21/c (14); P1 (1)
460,Li1.4Fe0.4Ti1.6(PO4)3,10.1149/1.2086597,25,3.86E-04,-3.413412695,NASICON,Oxides,R-3c (167); R-3 (148); C2/c (15); P21/c (14); P1 (1)
461,Li1.4In0.4Ti1.6(PO4)3,10.1149/1.2086597,25,3.00E-04,-3.522878745,NASICON,Oxides,R-3c (167); R-3 (148); C2/c (15); P21/c (14); P1 (1)
462,Li1.5In0.5Ti1.5(PO4)3,10.1149/1.2086597,25,2.04E-04,-3.690369833,NASICON,Oxides,R-3c (167); R-3 (148); C2/c (15); P21/c (14); P1 (1)
463,Li1.5Fe0.5Ti1.5(PO4)3,10.1149/1.2086597,25,1.75E-04,-3.756961951,NASICON,Oxides,R-3c (167); R-3 (148); C2/c (15); P21/c (14); P1 (1)
464,Li1.4Cr0.4Ti1.6(PO4)3,10.1149/1.2086597,25,1.50E-04,-3.823908741,NASICON,Oxides,R-3c (167); R-3 (148); C2/c (15); P21/c (14); P1 (1)
465,Li1.5Y0.5Ti1.5(PO4)3,10.1149/1.2086597,25,5.44E-05,-4.2644011,NASICON,Oxides,R-3c (167); R-3 (148); C2/c (15); P21/c (14); P1 (1)
466,Li1.2Cr0.2Ti1.8(PO4)3,10.1149/1.2086597,25,1.83E-05,-4.73754891,NASICON,Oxides,R-3c (167); R-3 (148); C2/c (15); P21/c (14); P1 (1)
467,Li1.2La0.2Ti1.8(PO4)3,10.1149/1.2096693,25,5.28E-04,-3.277366077,NASICON,Oxides,R-3c (167); R-3 (148); C2/c (15); P21/c (14); P1 (1)
468,Li1.3La0.3Ti1.7(PO4)3,10.1149/1.2096693,25,5.28E-04,-3.277366077,NASICON,Oxides,R-3c (167); R-3 (148); C2/c (15); P21/c (14); P1 (1)
469,Li1.4La0.4Ti1.6(PO4)3,10.1149/1.2096693,25,4.97E-04,-3.303643611,NASICON,Oxides,R-3c (167); R-3 (148); C2/c (15); P21/c (14); P1 (1)
470,Li1.5La0.5Ti1.5(PO4)3,10.1149/1.2096693,25,2.82E-04,-3.549750892,NASICON,Oxides,R-3c (167); R-3 (148); C2/c (15); P21/c (14); P1 (1)
471,LiSn2(PO4)3,10.1149/1.2220723,25,2.00E-09,-8.698970004,NASICON,Oxides,R-3c (167); R-3 (148); C2/c (15); P21/c (14); P1 (1)
472,Li1.3Sc0.3Ge1.7(PO4)3,10.1246/bcsj.65.2200,25,2.98E-05,-4.525783736,NASICON,Oxides,R-3c (167); R-3 (148); C2/c (15); P21/c (14); P1 (1)
473,Li1.5Ga0.5Ge1.5(PO4)3,10.1246/bcsj.65.2200,25,1.17E-04,-3.931814138,NASICON,Oxides,R-3c (167); R-3 (148); C2/c (15); P21/c (14); P1 (1)
474,Li1.3Cr0.3Ge1.7(PO4)3,10.1246/bcsj.65.2200,25,2.44E-05,-4.612610174,NASICON,Oxides,R-3c (167); R-3 (148); C2/c (15); P21/c (14); P1 (1)
475,Li1.3Fe0.3Ge1.7(PO4)3,10.1246/bcsj.65.2200,25,3.67E-05,-4.435333936,NASICON,Oxides,R-3c (167); R-3 (148); C2/c (15); P21/c (14); P1 (1)
476,Li1.5Sc0.5Ge1.5(PO4)3,10.1246/bcsj.65.2200,25,2.51E-05,-4.600326279,NASICON,Oxides,R-3c (167); R-3 (148); C2/c (15); P21/c (14); P1 (1)
477,Li1.7Fe0.7Ge1.3(PO4)3,10.1246/bcsj.65.2200,25,2.37E-05,-4.625251654,NASICON,Oxides,R-3c (167); R-3 (148); C2/c (15); P21/c (14); P1 (1)
478,Li1.7Ga0.7Ge1.3(PO4)3,10.1246/bcsj.65.2200,25,2.43E-05,-4.614393726,NASICON,Oxides,R-3c (167); R-3 (148); C2/c (15); P21/c (14); P1 (1)
479,Li1.3In0.3Ge1.7(PO4)3,10.1246/bcsj.65.2200,25,9.22E-06,-5.035269079,NASICON,Oxides,R-3c (167); R-3 (148); C2/c (15); P21/c (14); P1 (1)
480,Li1.5In0.5Ge1.5(PO4)3,10.1246/bcsj.65.2200,25,5.75E-06,-5.240332155,NASICON,Oxides,R-3c (167); R-3 (148); C2/c (15); P21/c (14); P1 (1)
481,Li1.45Al0.45Ge0.2Ti1.35(PO4)3,10.3389/fenrg.2016.00012,25,1.01E-03,-2.995678626,NASICON,Oxides,R-3c (167); R-3 (148); C2/c (15); P21/c (14); P1 (1)
482,Li1.40Al0.4Ge0.2Ti1.4(PO4)3,10.3389/fenrg.2016.00012,25,1.00E-03,-3,NASICON,Oxides,R-3c (167); R-3 (148); C2/c (15); P21/c (14); P1 (1)
483,Li1.50Al0.50Ge0.2Ti1.3(PO4)3,10.3389/fenrg.2016.00012,25,7.37E-04,-3.132532512,NASICON,Oxides,R-3c (167); R-3 (148); C2/c (15); P21/c (14); P1 (1)
484,Li1.35Al0.35Ge0.2Ti1.45(PO4)3,10.3389/fenrg.2016.00012,25,6.18E-04,-3.209011525,NASICON,Oxides,R-3c (167); R-3 (148); C2/c (15); P21/c (14); P1 (1)
485,Li1.55Al0.55Ge0.2Ti1.25(PO4)3,10.3389/fenrg.2016.00012,25,7.02E-05,-4.153662888,NASICON,Oxides,R-3c (167); R-3 (148); C2/c (15); P21/c (14); P1 (1)
486,Li1.45Al0.45Ti1.55(PO4),10.5796/electrochemistry.82.870,25,2.90E-04,-3.537602002,NASICON,Oxides,R-3c (167); R-3 (148); C2/c (15); P21/c (14); P1 (1)
496,Li1.3Al0.3Ti1.7(PO4)3,10.1016/S0955-2219(99)00055-2,25,3.00E-03,-2.522878745,NASICON,Oxides,R-3c (167); R-3 (148); C2/c (15); P21/c (14); P1 (1)
534,LiTi2P3O12,10.1016/0167-2738(94)90332-8,30,4.00E-07,-6.397940009,NASICON,Oxides,R-3c (167); R-3 (148); C2/c (15); P21/c (14); P1 (1)
535,LiZr2P3O12,10.1016/0167-2738(94)90332-8,30,5.00E-08,-7.301029996,NASICON,Oxides,R-3c (167); R-3 (148); C2/c (15); P21/c (14); P1 (1)
536,Li2InTi(PO4)3,10.1016/S0167-2738(96)00565-6,200,1.22E-03,-2.913640169,NASICON,#N/A,R-3c (167); R-3 (148); C2/c (15); P21/c (14); P1 (1)
676,Li1.2Ta0.9Al1.1P3O12,10.1039/A807007E,350,1.20E-02,-1.920818754,NASICON,#N/A,R-3c (167); R-3 (148); C2/c (15); P21/c (14); P1 (1)
677,LiTaAlP3O12,10.1039/A807007E,350,1.00E-02,-2,NASICON,#N/A,R-3c (167); R-3 (148); C2/c (15); P21/c (14); P1 (1)
697,Li1.5Hf1.5Al0.5P3O12,10.1016/j.ssi.2005.07.010,25,1.10E-04,-3.958607315,NASICON,Oxides,R-3c (167); R-3 (148); C2/c (15); P21/c (14); P1 (1)
711,LiAlSiO4,10.1016/0375-9601(75)90788-4,500,4.00E-03,-2.397940009,NASICON,#N/A,R-3c (167); R-3 (148); C2/c (15); P21/c (14); P1 (1)
712,Li3Sc2P3O12,10.1016/j.materresbull.2007.08.007,25,1.00E-10,-10,NASICON,Oxides,R-3c (167); R-3 (148); C2/c (15); P21/c (14); P1 (1)
825,Li1.3Al0.3Ti1.7(PO4)3,10.1149/1.2086597,200,3.30E-02,-1.48148606,NASICON,#N/A,R-3c (167); R-3 (148); C2/c (15); P21/c (14); P1 (1)
826,Li1.5Al0.5Ge1.5(PO4)3,10.1016/j.jpowsour.2009.11.037,127.05,8.43E-02,-1.074172425,NASICON,#N/A,R-3c (167); R-3 (148); C2/c (15); P21/c (14); P1 (1)
827,Li1.5Al0.5Ge1.5(PO4)3,10.1016/j.jpowsour.2009.11.037,76.74,3.24E-02,-1.48945499,NASICON,#N/A,R-3c (167); R-3 (148); C2/c (15); P21/c (14); P1 (1)
828,Li1.5Al0.5Ge1.5(PO4)3,10.1016/j.jpowsour.2009.11.037,46.92,1.20E-02,-1.920818754,NASICON,#N/A,R-3c (167); R-3 (148); C2/c (15); P21/c (14); P1 (1)
829,Li1.5Al0.5Ge1.5(PO4)3,10.1016/j.jpowsour.2009.11.037,26.58,4.43E-03,-2.353596274,NASICON,Oxides,R-3c (167); R-3 (148); C2/c (15); P21/c (14); P1 (1)
830,Li1.5Al0.5Ge1.5(PO4)3,10.1149/1.2988731,106.96,1.42E-01,-0.847711656,NASICON,#N/A,R-3c (167); R-3 (148); C2/c (15); P21/c (14); P1 (1)
831,Li1.5Al0.5Ge1.5(PO4)3,10.1149/1.2988731,64.71,4.29E-02,-1.367542708,NASICON,#N/A,R-3c (167); R-3 (148); C2/c (15); P21/c (14); P1 (1)
832,Li1.5Al0.5Ge1.5(PO4)3,10.1149/1.2988731,27.94,5.26E-03,-2.279014256,NASICON,Oxides,R-3c (167); R-3 (148); C2/c (15); P21/c (14); P1 (1)
861,Li1.6Ti1.7Mg0.3P3O12,10.1016/0167-2738(86)90176-1,25,2.80E-06,-5.552841969,NASICON,Oxides,R-3c (167); R-3 (148); C2/c (15); P21/c (14); P1 (1)
869,Li1.4Ti1.6In0.4P3O12,10.1016/0167-2738(86)90176-1,25,1.90E-04,-3.721246399,NASICON,Oxides,R-3c (167); R-3 (148); C2/c (15); P21/c (14); P1 (1)
870,Li1.8Cr0.8Ti1.2(PO4)3,10.1016/0167-2738(88)90291-3,25,2.40E-04,-3.619788758,NASICON,Oxides,R-3c (167); R-3 (148); C2/c (15); P21/c (14); P1 (1)
874,Li1.6Ti1.7Mg0.3P3O12,10.1016/0167-2738(86)90176-1,300,5.30E-03,-2.27572413,NASICON,#N/A,R-3c (167); R-3 (148); C2/c (15); P21/c (14); P1 (1)
876,Li1.6Ga0.6Ti1.4(PO4)3,10.1016/0167-2738(86)90176-1,300,8.40E-03,-2.075720714,NASICON,#N/A,R-3c (167); R-3 (148); C2/c (15); P21/c (14); P1 (1)
881,Li1.4Ti1.6In0.4P3O12,10.1016/0167-2738(86)90176-1,300,5.50E-02,-1.259637311,NASICON,#N/A,R-3c (167); R-3 (148); C2/c (15); P21/c (14); P1 (1)
892,Li1.5Al0.5Ge1.5(PO4)3,10.1149/1.3122903,25,0.006309,-2.200039473,NASICON,Oxides,R-3c (167); R-3 (148); C2/c (15); P21/c (14); P1 (1)
2001, Li0.8La0.066Zr2(PO4)3,10.1007/s11581-009-0332-6,25,8.20E-06,-5.086338509,NASICON,Oxides,R-3c (167); R-3 (148); C2/c (15); P21/c (14); P1 (1)
2009,Li2.9Sc1.9Zr0.1(PO4)3,10.1016/S0925-8388(96)02746-6,25,7.48E-05,-4.126174447,NASICON,Sulphides,R-3c (167); R-3 (148); C2/c (15); P21/c (14); P1 (1)
495,LiFePO4 ,10.1016/j.ssi.2008.06.028,30,1.10E-09,-8.958607315,Olivine,Oxides,Pbnm (62)
903,LiMgPO4,10.1021/cm504518q,25,6.31E-12,-11.19997064,Olivine,Oxides,Pbnm (62)
904,Li0.95Mg0.95In0.05PO4,10.1021/cm504518q,25,1.12E-10,-9.950781977,Olivine,Oxides,Pbnm (62)
905,Li0.9Mg0.9In0.1PO4,10.1021/cm504518q,25,5.01E-10,-9.300162274,Olivine,Oxides,Pbnm (62)
906,Li0.85Mg0.85In0.15PO4,10.1021/cm504518q,25,1.26E-09,-8.899629455,Olivine,Oxides,Pbnm (62)
907,Li0.83Mg0.83In0.17PO4,10.1021/cm504518q,25,1.41E-09,-8.850780887,Olivine,Oxides,Pbnm (62)
908,LiMgPO4,10.1021/cm504518q,90,4.68E-10,-9.329754147,Olivine,#N/A,Pbnm (62)
909,Li0.95Mg0.95In0.05PO4,10.1021/cm504518q,90,1.12E-08,-7.950781977,Olivine,#N/A,Pbnm (62)
910,Li0.9Mg0.9In0.1PO4,10.1021/cm504518q,90,2.51E-08,-7.600326279,Olivine,#N/A,Pbnm (62)
911,Li0.85Mg0.85In0.15PO4,10.1021/cm504518q,90,7.08E-08,-7.149966742,Olivine,#N/A,Pbnm (62)
912,Li0.83Mg0.83In0.17PO4,10.1021/cm504518q,90,7.94E-08,-7.100179498,Olivine,#N/A,Pbnm (62)
577,Li4SiO4,10.1021/acsami.6b14402,228.21,8.36E-06,-5.077793723,Other,#N/A,Not well stablished
578,Li4Al0.33Si0.33P0.33O4,10.1021/acsami.6b14402,50.64,4.75E-06,-5.32330639,Other,#N/A,Not well stablished
579,Li4SiO4,10.1021/acsami.6b14402,176.36,1.35E-06,-5.869666232,Other,#N/A,Not well stablished
580,Li4SiO4,10.1021/acsami.6b14402,100.52,3.11E-08,-7.507239611,Other,#N/A,Not well stablished
581,Li4SiO4,10.1021/acsami.6b14402,75.02,5.66E-09,-8.247183569,Other,#N/A,Not well stablished
585,"""(Li2S)0.75 (P2S5)0.25""",10.1021/acsomega.8b00377,44.2,3.00E-04,-3.522878745,Other,#N/A,Not well stablished
587,LiBH4,10.1021/acsomega.8b00377,27,9.89E-08,-7.004803708,Other,Other,Not well stablished
588,LiBH4,10.1021/acsomega.8b00377,39.83,7.96E-08,-7.099086932,Other,#N/A,Not well stablished
632, La0.29Li0.12NbO3,10.1016/S0167-2738(98)00266-5,25,4.25E-05,-4.37161107,Other,Oxides,Not well stablished
633,La0.283Li0.15NbO3,10.1016/S0167-2738(98)00266-5,25,3.85E-05,-4.41453927,Other,Oxides,Not well stablished
634,La0.273Li0.18NbO3,10.1016/S0167-2738(98)00266-5,25,3.82E-05,-4.417936637,Other,Oxides,Not well stablished
635,La0.303Li0.09NbO3,10.1016/S0167-2738(98)00266-5,25,3.52E-05,-4.453457337,Other,Oxides,Not well stablished
636,La0.313Li0.06NbO3,10.1016/S0167-2738(98)00266-5,25,2.33E-05,-4.632644079,Other,Oxides,Not well stablished
701,Li5NI2,10.1002/anie.198000741,25,1.50E-07,-6.823908741,Other,Halides,Not well stablished
706,Li2Ge7O15,10.1016/0025-5408(76)90235-X,25,5.00E-16,-15.30103,Other,Oxides,Not well stablished
709,Li3PS4,10.1016/0167-2738(84)90097-3,103,1.09E-05,-4.962573502,Other,#N/A,Not well stablished
710,Li3P,10.1016/0167-2738(89)90438-4,25,1.00E-03,-3,Other,Other,Not well stablished
718,Li4BN3H10,10.1021/Ja907249p,25,2.00E-04,-3.698970004,Other,Other,Not well stablished
719,LiBH4,10.1021/ja907249p,40,4.00E-08,-7.397940009,Other,#N/A,Not well stablished
722,Li2NH,10.1039/c2cp23636b,25,2.54E-04,-3.595166283,Other,Other,Not well stablished
723,Li2Ca(NH)2,10.1039/c2cp23636b,25,6.40E-06,-5.193820026,Other,Other,Not well stablished
725,Li3N,10.1039/C0EE00052C,25,5.75E-04,-3.240332155,Other,Other,Not well stablished
727,LiAlH4,10.1063/1.3356981,25,2.00E-09,-8.698970004,Other,Other,Not well stablished
730,Li4B7O12Cl,10.1107/S0567740877009443,25,1.00E-07,-7,Other,Oxides and Other Anions,Not well stablished
913,Li3AlS3,10.1021/acs.chemmater.9b03230,25,1.31E-08,-7.882728704,Other,Sulphides,Not well stablished
914,Li3AlS3,10.1021/acs.chemmater.9b03230,108,6.31E-07,-6.199970641,Other,#N/A,Not well stablished
917,LiTa2PO8,10.1039/C8TA09170F,25,1.60E-03,-2.795880017,Other,Oxides,Not well stablished
918,LiTa2PO8,10.1039/C8TA09170F,85,1.58E-02,-1.801342913,Other,#N/A,Not well stablished
22,La0.57Li0.29TiO3,10.1016/j.jpowsour.2012.11.098,26.85,1.60E-03,-2.795880017,Perovskite,Oxides,Pm-3m (221); Pnma (62); Amm2 (38)
52,La0.55Li0.361Ti0.995Al0.005O3,10.1007/BF02375549,100,1.00E-02,-2,Perovskite,#N/A,Pm-3m (221); Pnma (62); Amm2 (38)
53,La0.56Li0.36Ti0.95Al0.05O3,10.1007/BF02375549,119,6.30E-03,-2.200659451,Perovskite,#N/A,Pm-3m (221); Pnma (62); Amm2 (38)
54,La0.55Li0.36Ti0.992Al0.008O3,10.1007/BF02375549,100,5.85E-03,-2.232844134,Perovskite,#N/A,Pm-3m (221); Pnma (62); Amm2 (38)
55,La0.56Li0.36Ti0.95Al0.05O3,10.1007/BF02375549,100,3.98E-03,-2.400116928,Perovskite,#N/A,Pm-3m (221); Pnma (62); Amm2 (38)
56,La0.55Li0.361Ti0.995Al0.005O3,10.1007/BF02375549,65,3.96E-03,-2.402304814,Perovskite,#N/A,Pm-3m (221); Pnma (62); Amm2 (38)
57,La0.56Li0.36Ti0.95Al0.05O3,10.1007/BF02375549,70,2.11E-03,-2.675717545,Perovskite,#N/A,Pm-3m (221); Pnma (62); Amm2 (38)
58,La0.55Li0.36Ti0.992Al0.008O3,10.1007/BF02375549,60,2.08E-03,-2.681936665,Perovskite,#N/A,Pm-3m (221); Pnma (62); Amm2 (38)
59,La0.55Li0.361Ti0.995Al0.005O3,10.1007/BF02375549,35,1.10E-03,-2.958607315,Perovskite,Oxides,Pm-3m (221); Pnma (62); Amm2 (38)
60,La0.55Li0.36Ti0.992Al0.008O3,10.1007/BF02375549,25,6.54E-04,-3.184422252,Perovskite,Oxides,Pm-3m (221); Pnma (62); Amm2 (38)
61,La0.56Li0.36Ti0.95Al0.05O3,10.1007/BF02375549,79.36,3.54E-03,-2.450996738,Perovskite,Oxides,Pm-3m (221); Pnma (62); Amm2 (38)
62,Li0.022 La0.117 Ti0.208 Al0.001 O0.626,10.1007/BF02378009,112,1.63E-02,-1.787812396,Perovskite,#N/A,Pm-3m (221); Pnma (62); Amm2 (38)
63,Li0.022 La0.117 Ti0.208 Al0.001 O0.626,10.1007/BF02378009,72,5.74E-03,-2.241088108,Perovskite,#N/A,Pm-3m (221); Pnma (62); Amm2 (38)
64,Li0.022 La0.117 Ti0.208 Al0.001 O0.626,10.1007/BF02378009,30,1.26E-03,-2.89997427,Perovskite,Oxides,Pm-3m (221); Pnma (62); Amm2 (38)
74,Li0.228La0.59TiO3,10.1007/s10717-007-0032-5,214,1.06E-04,-3.974694135,Perovskite,#N/A,Pm-3m (221); Pnma (62); Amm2 (38)
75,Li0.24La0.59TiO3,10.1007/s10717-007-0032-5,89,2.27E-04,-3.643974143,Perovskite,#N/A,Pm-3m (221); Pnma (62); Amm2 (38)
76,Li0.24La0.59TiO3,10.1007/s10717-007-0032-5,124,2.52E-04,-3.598599459,Perovskite,#N/A,Pm-3m (221); Pnma (62); Amm2 (38)
78,Li0.24La0.59TiO3,10.1007/s10717-007-0032-5,55,2.26E-04,-3.645891561,Perovskite,#N/A,Pm-3m (221); Pnma (62); Amm2 (38)
79,Li0.24La0.59TiO3,10.1007/s10717-007-0032-5,23,1.66E-04,-3.779891912,Perovskite,Oxides,Pm-3m (221); Pnma (62); Amm2 (38)
80,Li0.33La0.56Ti0.96Al0.04O2.96F0.04,10.1007/s11581-006-0011-9,200,9.50E-03,-2.022276395,Perovskite,#N/A,Pm-3m (221); Pnma (62); Amm2 (38)
82,Li0.33La0.56Ti0.96Al0.04O2.96F0.04,10.1007/s11581-006-0011-9,100,2.74E-03,-2.562249437,Perovskite,#N/A,Pm-3m (221); Pnma (62); Amm2 (38)
83,Li0.33La0.56Ti0.96Al0.04O2.96F0.04,10.1007/s11581-006-0011-9,25,6.22E-04,-3.206209615,Perovskite,Oxides and Other Anions,Pm-3m (221); Pnma (62); Amm2 (38)
111,Li0.5La0.5TiO3,10.1016/j.jallcom.2009.07.091,131,1.25E-04,-3.903089987,Perovskite,#N/A,Pm-3m (221); Pnma (62); Amm2 (38)
112,Li0.5La0.5TiO3,10.1016/j.jallcom.2009.07.091,110,9.33E-05,-4.030118356,Perovskite,#N/A,Pm-3m (221); Pnma (62); Amm2 (38)
113,Li0.5La0.5TiO3,10.1016/j.jallcom.2009.07.091,70,2.65E-05,-4.576754126,Perovskite,#N/A,Pm-3m (221); Pnma (62); Amm2 (38)
114,Li0.5La0.5TiO3,10.1016/j.jallcom.2009.07.091,50,1.17E-05,-4.931814138,Perovskite,#N/A,Pm-3m (221); Pnma (62); Amm2 (38)
115,Li0.5La0.5TiO3,10.1016/j.jallcom.2009.07.091,30,5.80E-06,-5.236572006,Perovskite,Oxides,Pm-3m (221); Pnma (62); Amm2 (38)
116,Li0.5La0.5TiO3,10.1016/j.jallcom.2009.07.091,10,2.07E-06,-5.684029655,Perovskite,#N/A,Pm-3m (221); Pnma (62); Amm2 (38)
207,Li0.1Na0.1La0.6TiO3,10.1016/j.ssi.2008.03.015,223,4.16E-03,-2.380906669,Perovskite,#N/A,Pm-3m (221); Pnma (62); Amm2 (38)
208,Li0.1Na0.1La0.6TiO3,10.1016/j.ssi.2008.03.015,184,2.76E-03,-2.559090918,Perovskite,#N/A,Pm-3m (221); Pnma (62); Amm2 (38)
209,Li0.1Na0.1La0.6TiO3,10.1016/j.ssi.2008.03.015,135,1.17E-03,-2.931814138,Perovskite,#N/A,Pm-3m (221); Pnma (62); Amm2 (38)
210,Li0.1Na0.1La0.6TiO3,10.1016/j.ssi.2008.03.015,75,2.78E-04,-3.555955204,Perovskite,#N/A,Pm-3m (221); Pnma (62); Amm2 (38)
211,Li0.1Na0.1La0.6TiO3,10.1016/j.ssi.2008.03.015,34,6.15E-05,-4.211124884,Perovskite,Oxides,Pm-3m (221); Pnma (62); Amm2 (38)
213,Li0.5La0.5TiO3,10.1016/j.ssi.2008.08.013,90,3.10E-04,-3.508638306,Perovskite,#N/A,Pm-3m (221); Pnma (62); Amm2 (38)
214,Li0.5La0.5TiO3,10.1016/j.ssi.2008.08.013,55,1.46E-04,-3.835647144,Perovskite,#N/A,Pm-3m (221); Pnma (62); Amm2 (38)
215,Li0.5La0.5TiO3,10.1016/j.ssi.2008.08.013,15,2.78E-05,-4.555955204,Perovskite,Oxides,Pm-3m (221); Pnma (62); Amm2 (38)
230,Li0.5La0.5TiO3,10.1016/j.ssi.2009.08.002,134,3.76E-03,-2.424812155,Perovskite,#N/A,Pm-3m (221); Pnma (62); Amm2 (38)
231,Li0.5La0.5TiO3,10.1016/j.ssi.2009.08.002,118,2.80E-03,-2.552841969,Perovskite,#N/A,Pm-3m (221); Pnma (62); Amm2 (38)
232,Li0.5La0.5TiO3,10.1016/j.ssi.2009.08.002,102,1.93E-03,-2.714442691,Perovskite,#N/A,Pm-3m (221); Pnma (62); Amm2 (38)
233,Li0.5La0.5TiO3,10.1016/j.ssi.2009.08.002,72,6.02E-04,-3.220403509,Perovskite,#N/A,Pm-3m (221); Pnma (62); Amm2 (38)
234,Li0.5La0.5TiO3,10.1016/j.ssi.2009.08.002,44,1.59E-04,-3.798602876,Perovskite,#N/A,Pm-3m (221); Pnma (62); Amm2 (38)
235,Li0.24La0.59TiO3,10.1016/j.ssi.2009.08.002,29,7.60E-05,-4.119186408,Perovskite,Oxides,Pm-3m (221); Pnma (62); Amm2 (38)
236,Li0.5La0.5TiO3,10.1016/j.ssi.2009.08.002,19,5.61E-05,-4.251037139,Perovskite,Oxides,Pm-3m (221); Pnma (62); Amm2 (38)
591,Li0.245La0.592Ti0.98Mn0.02O3,10.1006/jssc.1998.7904,25,1.00E-03,-3,Perovskite,Oxides,Pm-3m (221); Pnma (62); Amm2 (38)
592,La0.55Li0.36Ti0.995Al0.005O3,10.1007/BF02375549,25,1.10E-03,-2.958607315,Perovskite,Oxides,Pm-3m (221); Pnma (62); Amm2 (38)
593,La0.54Li0.36TiO3,10.1007/BF02375549,25,8.90E-04,-3.050609993,Perovskite,Oxides,Pm-3m (221); Pnma (62); Amm2 (38)
594,La0.51Li0.36Ti0.95W0.05O3,10.1007/BF02375549,25,7.30E-04,-3.13667714,Perovskite,Oxides,Pm-3m (221); Pnma (62); Amm2 (38)
595,La0.56Li0.36Ti0.95Al0.05O3,10.1007/BF02375549,25,6.40E-04,-3.193820026,Perovskite,Oxides,Pm-3m (221); Pnma (62); Amm2 (38)
596,La0.55Li0.36Ti0.95Ge0.05O3,10.1007/BF02375549,25,3.60E-04,-3.443697499,Perovskite,Oxides,Pm-3m (221); Pnma (62); Amm2 (38)
597,La0.58Li0.36Ti0.95Mg0.05O3,10.1007/BF02375549,25,2.10E-04,-3.677780705,Perovskite,Oxides,Pm-3m (221); Pnma (62); Amm2 (38)
598,La0.55Li0.36Ti0.95Mn0.05O3,10.1007/BF02375549,25,1.90E-04,-3.721246399,Perovskite,Oxides,Pm-3m (221); Pnma (62); Amm2 (38)
599,La0.55Li0.36Ti0.95Ru0.05O3,10.1007/BF02375549,25,5.20E-05,-4.283996656,Perovskite,Oxides,Pm-3m (221); Pnma (62); Amm2 (38)
600,LiCa1.65Ti1.3Ta1.7O9,10.1007/BF02708781,300,1.00E-05,-5,Perovskite,#N/A,Pm-3m (221); Pnma (62); Amm2 (38)
601,LiSr1.65Ti2.15W0.85O9,10.1007/BF02708781,300,1.60E-04,-3.795880017,Perovskite,#N/A,Pm-3m (221); Pnma (62); Amm2 (38)
602,LiCa1.65Ti1.3Nb1.7O9,10.1007/BF02708781,215,8.56E-07,-6.067526235,Perovskite,#N/A,Pm-3m (221); Pnma (62); Amm2 (38)
603,Li0.34La0.51TiO2.94,10.1016/0038-1098(93)90841-A,27,1.02E-03,-2.991399828,Perovskite,Oxides,Pm-3m (221); Pnma (62); Amm2 (38)
604,(La0.5Li0.5)TiO3,10.1016/0167-2738(94)90309-3,25,1.00E-03,-3,Perovskite,Oxides,Pm-3m (221); Pnma (62); Amm2 (38)
605,Sm0.52Li0.38TiO2.97,10.1016/0167-2738(94)90310-7,25,1.50E-03,-2.823908741,Perovskite,Oxides,Pm-3m (221); Pnma (62); Amm2 (38)
606,Li0.10La0.63TiO3,10.1016/0167-2738(94)90309-3,27,7.90E-05,-4.102372909,Perovskite,Oxides,Pm-3m (221); Pnma (62); Amm2 (38)
607,(La0.5Li0.5)0.75(La0.5Na0.5)0.25TiO3,10.1016/0167-2738(94)90309-3,402,2.00E-05,-4.698970004,Perovskite,Oxides,Pm-3m (221); Pnma (62); Amm2 (38)
608,(La0.5Li0.5)0.75(La0.5Na0.5)0.25TiO3,10.1016/0167-2738(94)90309-3,27,1.58E-04,-3.800244823,Perovskite,Oxides,Pm-3m (221); Pnma (62); Amm2 (38)
609,Sm0.52Li0.38TiO2.97,10.1016/0167-2738(94)90310-7,126,1.10E-07,-6.958607315,Perovskite,#N/A,Pm-3m (221); Pnma (62); Amm2 (38)
610,Li0.34Pr0.56TiO3,10.1016/0167-2738(94)90310-7,25,1.00E-06,-6,Perovskite,Oxides,Pm-3m (221); Pnma (62); Amm2 (38)
611,Nd0.55Li0.34TiO3,10.1016/0167-2738(94)90310-7,25,8.00E-08,-7.096910013,Perovskite,Oxides,Pm-3m (221); Pnma (62); Amm2 (38)
612,Li0.5(La0.4Nd0.1)TiO3,10.1016/S0167-2738(97)00015-5,25,1.00E-03,-3,Perovskite,Oxides,Pm-3m (221); Pnma (62); Amm2 (38)
613,Li0.34La0.56TiO3,10.1016/S0167-2738(98)00070-8,25,1.53E-03,-2.815308569,Perovskite,Oxides,Pm-3m (221); Pnma (62); Amm2 (38)
614,Li0.34La0.56TiO3,10.1016/S0167-2738(98)00070-8,25,6.88E-04,-3.162411562,Perovskite,Oxides,Pm-3m (221); Pnma (62); Amm2 (38)
615,Nd0.25Li0.25TaO3,10.1016/S0167-2738(98)00414-7,25,1.91E-06,-5.718966633,Perovskite,Oxides,Pm-3m (221); Pnma (62); Amm2 (38)
616,Sm0.25Li0.25TaO3,10.1016/S0167-2738(98)00414-7,125,7.30E-06,-5.13667714,Perovskite,#N/A,Pm-3m (221); Pnma (62); Amm2 (38)
617,Li0.25La0.25TaO3,10.1016/S0167-2738(98)00414-7,25,3.66E-04,-3.436518915,Perovskite,Oxides,Pm-3m (221); Pnma (62); Amm2 (38)
618,Y0.25Li0.25TaO3,10.1016/S0167-2738(98)00414-7,147,4.39E-09,-8.35753548,Perovskite,#N/A,Pm-3m (221); Pnma (62); Amm2 (38)
619,Li0.5Sr0.5Cr0.25Ta0.75O3,10.1016/S0378-7753(97)02645-1,25,6.31E-05,-4.200039473,Perovskite,Oxides,Pm-3m (221); Pnma (62); Amm2 (38)
620,Li0.5Sr0.5Fe0.25Ta0.75O3,10.1016/S0378-7753(97)02645-1,25,1.26E-04,-3.900008766,Perovskite,Oxides,Pm-3m (221); Pnma (62); Amm2 (38)
628,Li0.5Sr0.5Cr0.25Ta0.75O3,10.1016/S0378-7753(97)02645-1,75,3.55E-04,-3.450004148,Perovskite,Oxides,Pm-3m (221); Pnma (62); Amm2 (38)
629,Li0.5Sr0.5Fe0.25Ta0.75O3,10.1016/S0378-7753(97)02645-1,75,6.61E-04,-3.179798541,Perovskite,Oxides,Pm-3m (221); Pnma (62); Amm2 (38)
637,Li0.1Sr0.8Ti0.7Nb0.3O3,10.1149/1.1629102,25,1.00E-08,-8,Perovskite,Oxides,Pm-3m (221); Pnma (62); Amm2 (38)
638,Li0.3Sr0.6Ti0.20Fe0.30Ta0.5O3,10.1149/1.1629102,25,1.00E-07,-7,Perovskite,Oxides,Pm-3m (221); Pnma (62); Amm2 (38)
639,Li0.3Sr0.6Ti0.35Fe0.15Ta0.5O3,10.1149/1.1629102,25,2.80E-05,-4.552841969,Perovskite,Oxides,Pm-3m (221); Pnma (62); Amm2 (38)
640,Li0.3Sr0.6Ti0.40Fe0.10Ta0.5O3,10.1149/1.1629102,25,3.60E-05,-4.443697499,Perovskite,Oxides,Pm-3m (221); Pnma (62); Amm2 (38)
641,Li0.3Sr0.6Ti0.45Fe0.05Ta0.5O3,10.1149/1.1629102,30,6.00E-05,-4.22184875,Perovskite,Oxides,Pm-3m (221); Pnma (62); Amm2 (38)
642,Li0.3Sr0.6Ti0.5Ta0.5O3,10.1149/1.1629102,30,1.70E-04,-3.769551079,Perovskite,Oxides,Pm-3m (221); Pnma (62); Amm2 (38)
643,Li0.3Sr0.6Ti0.5Nb0.5O3,10.1149/1.1629102,30,5.40E-06,-5.26760624,Perovskite,Oxides,Pm-3m (221); Pnma (62); Amm2 (38)
644,Li0.25La0.41Sr0.25TiO3,10.1021/cm020609u,25,7.64E-05,-4.116906641,Perovskite,Oxides,Pm-3m (221); Pnma (62); Amm2 (38)
645,Li0.15La0.51Sr0.15TiO3,10.1021/cm020609u,25,5.30E-05,-4.27572413,Perovskite,Oxides,Pm-3m (221); Pnma (62); Amm2 (38)
646,LiCaTiNbO6,10.1021/cm9810382,208,1.00E-07,-7,Perovskite,#N/A,Pm-3m (221); Pnma (62); Amm2 (38)
647,LiSrTiTaO6,10.1021/cm9810382,25,5.50E-04,-3.259637311,Perovskite,Oxides,Pm-3m (221); Pnma (62); Amm2 (38)
648,LiSr1.65Ti1.3Ta1.7O9,10.1021/cm9810382,25,4.90E-05,-4.30980392,Perovskite,Oxides,Pm-3m (221); Pnma (62); Amm2 (38)
649,LiSr1.65Ti1.3Nb1.7O9,10.1021/cm9810382,25,2.00E-05,-4.698970004,Perovskite,Oxides,Pm-3m (221); Pnma (62); Amm2 (38)
650,LiSr1.65Zr1.3Ta1.7O9,10.1021/cm9810382,25,1.30E-05,-4.886056648,Perovskite,Oxides,Pm-3m (221); Pnma (62); Amm2 (38)
651,LiSr2Ti2TaO9,10.1021/cm9810382,30,3.20E-05,-4.494850022,Perovskite,Oxides,Pm-3m (221); Pnma (62); Amm2 (38)
652,LiSr2Ti2NbO9,10.1021/cm9810382,25,1.00E-06,-6,Perovskite,Oxides,Pm-3m (221); Pnma (62); Amm2 (38)
653,LiSrTiNbO6,10.1021/cm9810382,25,1.00E-06,-6,Perovskite,Oxides,Pm-3m (221); Pnma (62); Amm2 (38)
654,LiBa2Ti2NbO9,10.1021/cm9810382,30,1.00E-07,-7,Perovskite,Oxides,Pm-3m (221); Pnma (62); Amm2 (38)
655,Li0.067La0.64TiO2.99,10.1016/0167-2738(94)90309-3,27,7.90E-05,-4.102372909,Perovskite,Oxides,Pm-3m (221); Pnma (62); Amm2 (38)
656,Li0.25La0.66Ti0.75Al0.25O3,10.1021/cm011149s,25,7.66E-05,-4.11577123,Perovskite,Oxides,Pm-3m (221); Pnma (62); Amm2 (38)
657,Li0.20La0.66Ti0.80Al0.20O3,10.1021/cm011149s,25,4.28E-05,-4.368556231,Perovskite,Oxides,Pm-3m (221); Pnma (62); Amm2 (38)
658,Li0.30La0.66Ti0.70Al0.30O3,10.1021/cm011149s,25,1.72E-05,-4.764471553,Perovskite,Oxides,Pm-3m (221); Pnma (62); Amm2 (38)
659,Li0.15La0.66Ti0.85Al0.15O3,10.1021/cm011149s,25,9.66E-06,-5.015022874,Perovskite,Oxides,Pm-3m (221); Pnma (62); Amm2 (38)
660,Li0.10La0.66Ti0.90Al0.10O3,10.1021/cm011149s,27,7.34E-06,-5.13430394,Perovskite,Oxides,Pm-3m (221); Pnma (62); Amm2 (38)
661,Li0.06La0.66Ti0.93Al0.06O3,10.1021/cm011149s,27,1.68E-06,-5.774690718,Perovskite,Oxides,Pm-3m (221); Pnma (62); Amm2 (38)
662,Li0.27La0.59TiO3 ,10.2109/jcersj.105.548,127,1.41E-02,-1.850165303,Perovskite,Oxides,Pm-3m (221); Pnma (62); Amm2 (38)
663,Li0.27La0.59TiO3,10.2109/jcersj.105.548,25,5.80E-04,-3.236572006,Perovskite,Oxides,Pm-3m (221); Pnma (62); Amm2 (38)
680,LiSrTiTaO6,10.1021/cm9810382,360,6.30E-02,-1.200659451,Perovskite,Oxides,Pm-3m (221); Pnma (62); Amm2 (38)
681,LiSr1.65Ti1.3Ta1.7O9,10.1021/cm9810382,360,1.14E-01,-0.943095149,Perovskite,Oxides,Pm-3m (221); Pnma (62); Amm2 (38)
682,LiSr2Ti2TaO9,10.1021/cm9810382,360,3.20E-03,-2.494850022,Perovskite,Oxides,Pm-3m (221); Pnma (62); Amm2 (38)
683,Li0.36La0.55TiO3,10.1021/cm9810382,30,2.00E-05,-4.698970004,Perovskite,Oxides,Pm-3m (221); Pnma (62); Amm2 (38)
684,LiSr1.65Ti1.3Nb1.7O9,10.1021/cm9810382,360,4.20E-02,-1.37675071,Perovskite,Oxides,Pm-3m (221); Pnma (62); Amm2 (38)
685,LiSr1.65Zr1.3Ta1.7O9,10.1021/cm9810382,360,4.20E-02,-1.37675071,Perovskite,Oxides,Pm-3m (221); Pnma (62); Amm2 (38)
686,LiSr2Ti2NbO9,10.1021/cm9810382,205,3.35E-05,-4.474955193,Perovskite,#N/A,Pm-3m (221); Pnma (62); Amm2 (38)
687,LiBa2Ti2NbO9,10.1021/cm9810382,102,1.00E-06,-6,Perovskite,#N/A,Pm-3m (221); Pnma (62); Amm2 (38)
688,LiCaTiNbO6,10.1021/cm9810382,205,1.03E-07,-6.987162775,Perovskite,#N/A,Pm-3m (221); Pnma (62); Amm2 (38)
689,LiSr2Ti2NbO9,10.1021/cm9810382,100,3.47E-06,-5.459670525,Perovskite,#N/A,Pm-3m (221); Pnma (62); Amm2 (38)
690,LiCa2Ti2NbO9,10.1021/cm9810382,300,1.89E-07,-6.723538196,Perovskite,#N/A,Pm-3m (221); Pnma (62); Amm2 (38)
714,LiLa(TiO3)2,10.1016/S0167-2738(00)00761-X,25,1.00E-03,-3,Perovskite,Oxides,Pm-3m (221); Pnma (62); Amm2 (38)
922,Li0.022 La0.118 Ti0.2 Al0.004 O0.631,10.1007/BF02378009,97.37,5.62E-03,-2.250031916,Perovskite,#N/A,Pm-3m (221); Pnma (62); Amm2 (38)
927,Li0.022 La0.118 Ti0.2 Al0.004 O0.631,10.1007/BF02378009,30,8.91E-04,-3.049976093,Perovskite,Oxides,Pm-3m (221); Pnma (62); Amm2 (38)
928,Li0.022 La0.115 Ti0.165 Al0.055 O0.618,10.1007/BF02378009,97.37,4.46E-03,-2.350665141,Perovskite,#N/A,Pm-3m (221); Pnma (62); Amm2 (38)
931,Li0.022 La0.115 Ti0.165 Al0.055 O0.618,10.1007/BF02378009,30,5.25E-04,-3.280006174,Perovskite,Oxides,Pm-3m (221); Pnma (62); Amm2 (38)
2021,LiCaTiNbO6,10.1021/cm9810382,25,6.07E-07,-6.216929275,Perovskite,Oxides,Pm-3m (221); Pnma (62); Amm2 (38)
525,LiGaSiO4,10.1016/0167-2738(87)90048-8,564.29,1.58E-06,-5.801342913,Phenakite,#N/A,R-3 (148)
526,Li0.68Ga0.68Si2.33O6,10.1016/0167-2738(87)90048-8,276,8.19E-07,-6.086716098,Phenakite,#N/A,R-3 (148)
527,Li0.96Ga0.96Si2.04O6,10.1016/0167-2738(87)90048-8,260,6.32E-07,-6.199282922,Phenakite,#N/A,R-3 (148)
528,LiGaSiO4,10.1016/0167-2738(87)90048-8,475.75,2.80E-07,-6.552841969,Phenakite,#N/A,R-3 (148)
529,Li0.68Ga0.68Si2.33O6,10.1016/0167-2738(87)90048-8,216.18,7.26E-08,-7.139063379,Phenakite,#N/A,R-3 (148)
530,Li0.96Ga0.96Si2.04O6,10.1016/0167-2738(87)90048-8,208.82,7.26E-08,-7.139063379,Phenakite,#N/A,R-3 (148)
531,Li0.96Ga0.96Si2.04O6,10.1016/0167-2738(87)90048-8,178.14,1.78E-08,-7.749579998,Phenakite,#N/A,R-3 (148)
532,LiGaSiO4,10.1016/0167-2738(87)90048-8,341.15,1.35E-08,-7.869666232,Phenakite,#N/A,R-3 (148)
533,LiGaSiO4,10.1016/0167-2738(87)90048-8,312.92,5.70E-09,-8.244125144,Phenakite,#N/A,R-3 (148)
2014,LiGaSiO4,10.1016/0167-2738(87)90048-8,25,1.08E-11,-10.9652893,Phenakite,Oxides,R-3 (148)
2015,Li0.68Ga0.68Si2.33O6,10.1016/0167-2738(87)90048-8,25,3.15E-11,-10.50228226,Phenakite,Oxides,R-3 (148)
2016,Li0.96Ga0.96Si2.04O6,10.1016/0167-2738(87)90048-8,25,2.35E-11,-10.62874643,Phenakite,Oxides,R-3 (148)
1,Li2Ti0.75Ta0.25O3.125,10.1016/j.fusengdes.2010.04.003,300,9.00E-05,-4.045757491,Rocksalt,Oxides,Fm-3m (225)
491,Li2TiO3,10.1016/j.ssi.2006.11.002,186,3.52E-08,-7.453457337,Rocksalt,#N/A,Fm-3m (225)
492,Li1.9Mg0.1TiO3.05,10.1016/j.ssi.2008.03.001,600,1.07E-03,-2.970616222,Rocksalt,#N/A,Fm-3m (225)
493,Li1.9Mg0.1TiO3.05,10.1016/j.ssi.2008.03.001,300,1.20E-05,-4.920818754,Rocksalt,#N/A,Fm-3m (225)
703,Li6NBr3,10.1002/anie.198000741,25,3.10E-07,-6.508638306,Rocksalt,Halides,Fm-3m (225)
708,LiI,10.1016/0167-2738(81)90020-5,25,2.80E-08,-7.552841969,Rocksalt,Halides,Fm-3m (225)
737,Li6FeCl8,10.1002/zaac.19875531020,100,2.20E-06,-5.657577319,Rocksalt,#N/A,Fm-3m (225)
791,Li2SnS3,10.1021/cm5037524,25,1.36E-05,-4.866461092,Rocksalt,Sulphides,Fm-3m (225)
837,Li2MgZrO4,10.1063/1.4710021,140,1.00E-08,-8,Rocksalt,#N/A,Fm-3m (225)
883,Li6NiCl8,10.1002/zaac.19875531020,203.19,1.67E-06,-5.777283529,Rocksalt,#N/A,Fm-3m (225)
884,Li6CoCl8,10.1002/zaac.19875531020,135.16,4.89E-06,-5.310691141,Rocksalt,#N/A,Fm-3m (225)
885,Li6CoCl8,10.1002/zaac.19875531020,315,3.34E-05,-4.476253533,Rocksalt,#N/A,Fm-3m (225)
886,Li6NiCl8,10.1002/zaac.19875531020,393.66,1.89E-02,-1.723538196,Rocksalt,#N/A,Fm-3m (225)
887,Li6FeCl8,10.1002/zaac.19875531020,90.63,1.55E-06,-5.809668302,Rocksalt,#N/A,Fm-3m (225)
888,Li6FeCl8,10.1002/zaac.19875531020,282,5.69E-03,-2.244887734,Rocksalt,#N/A,Fm-3m (225)
921,LiF,"Journal De Physique 26 339-341, 1965",392,7.75E-09,-8.110698297,Rocksalt,Oxides,Fm-3m (225)
922,LiF,"Journal De Physique 26 339-341, 1965",351,2.65E-09,-8.576754126,Rocksalt,#N/A,Fm-3m (225)
923,LiF,"Journal De Physique 26 339-341, 1965",321,1.07E-09,-8.970616222,Rocksalt,#N/A,Fm-3m (225)
924,LiF,10.1023/A:1006564921011,270,1.85E-10,-9.733717436,Rocksalt,#N/A,Fm-3m (225)
925,LiF,10.1023/A:1006564921011,203,1.41E-11,-10.85087436,Rocksalt,#N/A,Fm-3m (225)
926,LiF,10.1023/A:1006564921011,142,5.70E-13,-12.24379656,Rocksalt,#N/A,Fm-3m (225)
2010,Li1.9Mg0.1TiO3.05,10.1016/j.ssi.2008.03.001,25,1.96E-07,-6.708504408,Rocksalt,Sulphides and Other Anions,Fm-3m (225)
2025,Li6FeCl8,10.1002/zaac.19875531020,25,8.97E-08,-7.047042731,Rocksalt,Halides,Fm-3m (225)
2029,Li6NiCl8,10.1002/zaac.19875531020,25,2.69E-10,-9.569675406,Rocksalt,Halides,Fm-3m (225)
2030,Li6CoCl8,10.1002/zaac.19875531020,25,1.51E-06,-5.821821295,Rocksalt,Halides,Fm-3m (225)
2031,LiF,"Journal De Physique 26 339-341, 1965",25,1.18E-14,-13.92960042,Rocksalt,Halides,Fm-3m (225)
18,Li3.4Si0.4P0.6S4,10.1006/jssc.2002.9701,27,6.40E-04,-3.193820026,Thio-LISICON,Sulphides,Pnma (62); Pmn21 (31); P21/m (11)
25,Li9.6P3S12,10.1038/nenergy.2016.30,24.85,1.58E-03,-2.801342913,Thio-LISICON,Sulphides,Pnma (62); Pmn21 (31); P21/m (11)
36,Li9.54Si1.74P1.44S11.7Cl0.3,10.1038/nenergy.2016.30,24.85,2.50E-02,-1.602059991,Thio-LISICON,Sulphides and Other Anions,Pnma (62); Pmn21 (31); P21/m (11)
37,Li10GeP2S12,10.1016/j.ssi.2015.02.014,25,2.03E-03,-2.692503962,Thio-LISICON,Sulphides,Pnma (62); Pmn21 (31); P21/m (11)
39,Li7P3S11,10.1039/C3EE41655K,24.85,3.20E-03,-2.494850022,Thio-LISICON,Sulphides,Pnma (62); Pmn21 (31); P21/m (11)
44,Li3.25Ge0.25P0.75S4,10.1016/j.ssi.2015.02.014,25,2.03E-03,-2.692503962,Thio-LISICON,Sulphides,Pnma (62); Pmn21 (31); P21/m (11)
243,Li4.2Ge0.8Ga0.2S4,10.1016/S0167-2738(00)00277-0,202,5.39E-03,-2.268411235,Thio-LISICON,#N/A,Pnma (62); Pmn21 (31); P21/m (11)
244,Li4.2Ge0.8Ga0.2S4,10.1016/S0167-2738(00)00277-0,125,1.79E-03,-2.747146969,Thio-LISICON,#N/A,Pnma (62); Pmn21 (31); P21/m (11)
245,Li4.2Ge0.8Ga0.2S4,10.1016/S0167-2738(00)00277-0,74,4.15E-04,-3.381951903,Thio-LISICON,#N/A,Pnma (62); Pmn21 (31); P21/m (11)
246,Li4.2Ge0.8Ga0.2S4,10.1016/S0167-2738(00)00277-0,25,6.50E-05,-4.187086643,Thio-LISICON,Sulphides,Pnma (62); Pmn21 (31); P21/m (11)
265,Li3.2Ge0.2P0.8S4,10.1149/1.1379028,290,1.00E-01,-1,Thio-LISICON,#N/A,Pnma (62); Pmn21 (31); P21/m (11)
266,Li3.6Ge0.6P0.4S4,10.1149/1.1379028,290,6.31E-02,-1.199970641,Thio-LISICON,#N/A,Pnma (62); Pmn21 (31); P21/m (11)
267,Li3.8Ge0.8P0.2S4,10.1149/1.1379028,290,1.26E-02,-1.899629455,Thio-LISICON,#N/A,Pnma (62); Pmn21 (31); P21/m (11)
300,Li3.2Ge0.2P0.8S4,10.1149/1.1379028,27,5.40E-04,-3.26760624,Thio-LISICON,Sulphides,Pnma (62); Pmn21 (31); P21/m (11)
488,Li7Ge3PS12,10.1016/j.jssc.2016.12.001,25,1.10E-04,-3.958607315,Thio-LISICON,Sulphides,Pnma (62); Pmn21 (31); P21/m (11)
673,Li10SnP2S12,10.1021/ja407393y,25,4.00E-03,-2.397940009,Thio-LISICON,Sulphides,Pnma (62); Pmn21 (31); P21/m (11)
675,Li10GeP2S12,10.1038/nmat3066,25,1.20E-02,-1.920818754,Thio-LISICON,Sulphides,Pnma (62); Pmn21 (31); P21/m (11)
699,Li11AlP2S12,10.1039/C6CC02131J,25,8.02E-04,-3.095825632,Thio-LISICON,Sulphides,Pnma (62); Pmn21 (31); P21/m (11)
717,Li7P3S11,10.1021/acs.chemmater.7b04842,25,8.63E-04,-3.063989204,Thio-LISICON,Sulphides,Pnma (62); Pmn21 (31); P21/m (11)
721,Li10Ge(PS6)2,10.1038/nmat3066,86.61,7.94E-02,-1.100015437,Thio-LISICON,Sulphides,Pnma (62); Pmn21 (31); P21/m (11)
731,Li10.35Si1.35P1.65S12,10.1107/S2052520615022283,25,6.50E-03,-2.187086643,Thio-LISICON,Sulphides,Pnma (62); Pmn21 (31); P21/m (11)
732,Li9.81Sn0.81P2.19S12,10.1107/S2052520615022283,25,5.50E-03,-2.259637311,Thio-LISICON,Sulphides,Pnma (62); Pmn21 (31); P21/m (11)
762,Li3.6Si0.6P0.4S4,10.1006/jssc.2002.9701,25,7.76E-05,-4.110026362,Thio-LISICON,Sulphides,Pnma (62); Pmn21 (31); P21/m (11)
763,Li4.8Si0.2Al0.8S4,10.1006/jssc.2002.9701,291,3.66E-03,-2.436518915,Thio-LISICON,#N/A,Pnma (62); Pmn21 (31); P21/m (11)
764,Li4SiS4,10.1016/0025-5408(89)90053-6,25,4.93E-08,-7.307153081,Thio-LISICON,Sulphides,Pnma (62); Pmn21 (31); P21/m (11)
765,Li2SiS3,10.1016/0025-5408(89)90053-6,25,2.00E-06,-5.698970004,Thio-LISICON,Sulphides,Pnma (62); Pmn21 (31); P21/m (11)
766,Li3PS4 ,10.1016/0167-2738(84)90097-3,181,1.58E-04,-3.801342913,Thio-LISICON,#N/A,Pnma (62); Pmn21 (31); P21/m (11)
772,Li10Ge0.95Si0.05P2S12,10.1016/j.jpowsour.2014.07.159,25,8.60E-03,-2.065501549,Thio-LISICON,Sulphides,Pnma (62); Pmn21 (31); P21/m (11)
778,Li7P3S11,10.1016/j.ssi.2006.04.017,25,3.20E-03,-2.494850022,Thio-LISICON,Sulphides,Pnma (62); Pmn21 (31); P21/m (11)
779,Li2.2Zn0.1Zr0.9S3,10.1016/j.ssi.2008.01.055,30,1.20E-04,-3.920818754,Thio-LISICON,Sulphides,Pnma (62); Pmn21 (31); P21/m (11)
780,Li3.9Zn0.05GeS4,10.1016/S0167-2738(00)00277-0,300,4.11E-03,-2.386158178,Thio-LISICON,#N/A,Pnma (62); Pmn21 (31); P21/m (11)
781,Li4GeS4,10.1016/S0167-2738(00)00277-0,25,2.51E-07,-6.600153287,Thio-LISICON,Sulphides,Pnma (62); Pmn21 (31); P21/m (11)
782,Li4.275Ge0.61Ga0.25S4,10.1016/S0167-2738(00)00277-0,150,2.43E-03,-2.614393726,Thio-LISICON,#N/A,Pnma (62); Pmn21 (31); P21/m (11)
783,Li4P2S6,10.1021/acs.chemmater.6b04175,25,1.60E-10,-9.795880017,Thio-LISICON,Sulphides,Pnma (62); Pmn21 (31); P21/m (11)
789,Li4SnS4,10.1021/cm3011315,25,7.00E-05,-4.15490196,Thio-LISICON,Sulphides,Pnma (62); Pmn21 (31); P21/m (11)
792,Li3PS4,10.1021/ja3110895,25,1.60E-04,-3.795880017,Thio-LISICON,Sulphides,Pnma (62); Pmn21 (31); P21/m (11)
793,Li10SnP2S12,10.1021/ja407393y,60,1.12E-02,-1.950007143,Thio-LISICON,Sulphides,Pnma (62); Pmn21 (31); P21/m (11)
797,Li10GeP2S12,10.1038/nmat3066,5,6.31E-03,-2.200039473,Thio-LISICON,Sulphides,Pnma (62); Pmn21 (31); P21/m (11)
817,Li3.25Ge0.25P0.75S4,10.1149/1.1379028,25,2.20E-03,-2.657577319,Thio-LISICON,Sulphides,Pnma (62); Pmn21 (31); P21/m (11)
821,Li10SiP2S12,10.1149/2.0501412jes,27,2.30E-03,-2.638272164,Thio-LISICON,Sulphides,Pnma (62); Pmn21 (31); P21/m (11)
859,Li3.9Zn0.05GeS4,10.1016/S0167-2738(00)00277-0,25,2.84E-07,-6.54668166,Thio-LISICON,Sulphides,Pnma (62); Pmn21 (31); P21/m (11)
868,Li4.275Ge0.61Ga0.25S4,10.1016/S0167-2738(00)00277-0,25,6.34E-05,-4.197910742,Thio-LISICON,Sulphides,Pnma (62); Pmn21 (31); P21/m (11)
871,Li3.6Ge0.4P0.6S4,10.1149/1.1379028,40,3.30E-04,-3.48148606,Thio-LISICON,#N/A,Pnma (62); Pmn21 (31); P21/m (11)
873,Li3.35Ge0.35P0.65S4,10.1149/1.1379028,40,2.51E-03,-2.600326279,Thio-LISICON,#N/A,Pnma (62); Pmn21 (31); P21/m (11)
875,Li3.6Ge0.4P0.6S4,10.1149/1.1379028,150,6.17E-03,-2.209714836,Thio-LISICON,#N/A,Pnma (62); Pmn21 (31); P21/m (11)
879,Li3.35Ge0.35P0.65S4,10.1149/1.1379028,150,2.54E-02,-1.595166283,Thio-LISICON,#N/A,Pnma (62); Pmn21 (31); P21/m (11)
880,Li3.25Ge0.25P0.75S4,10.1149/1.1379028,150,3.98E-02,-1.400116928,Thio-LISICON,#N/A,Pnma (62); Pmn21 (31); P21/m (11)
893,Li4.4Al0.4Ge0.6S4,10.1021/acs.chemmater.8b03175,30,4.33E-05,-4.363512104,Thio-LISICON,Sulphides,Pnma (62); Pmn21 (31); P21/m (11)
894,Li4.4Al0.4Sn0.6S4,10.1021/acs.chemmater.8b03175,30,4.39E-06,-5.35753548,Thio-LISICON,Sulphides,Pnma (62); Pmn21 (31); P21/m (11)
895,Li4.4Ga0.4Ge0.6S4,10.1021/acs.chemmater.8b03175,30,1.63E-05,-4.787812396,Thio-LISICON,Sulphides,Pnma (62); Pmn21 (31); P21/m (11)
896,Li4.4Ga0.4Sn0.6S4,10.1021/acs.chemmater.8b03175,30,3.20E-06,-5.494850022,Thio-LISICON,Sulphides,Pnma (62); Pmn21 (31); P21/m (11)
897,Li4.275Ga0.25Ge0.61S4,10.1016/S0167-2738(00)00277-0,127,1.41E-03,-2.850165303,Thio-LISICON,Sulphides,Pnma (62); Pmn21 (31); P21/m (11)
898,Li4.8Al0.8Si0.2S4,10.1006/jssc.2002.9701,86.7,7.07E-06,-5.150580586,Thio-LISICON,#N/A,Pnma (62); Pmn21 (31); P21/m (11)
899,Li4GeS4,10.1016/S0167-2738(00)00277-0,127,5.25E-05,-4.280006174,Thio-LISICON,Sulphides,Pnma (62); Pmn21 (31); P21/m (11)
900,Li4SnS4,10.1021/cm3011315,100,3.00E-03,-2.522878745,Thio-LISICON,Sulphides,Pnma (62); Pmn21 (31); P21/m (11)
901,Li5AlS4,10.1016/j.jssc.2017.09.018,25,1.26E-08,-7.89997427,Thio-LISICON,Sulphides,Pnma (62); Pmn21 (31); P21/m (11)
902,Li5GaS4,10.1016/S0167-2738(00)00277-0,100,5.10E-08,-7.292429824,Thio-LISICON,#N/A,Pnma (62); Pmn21 (31); P21/m (11)
920,Li4.8Al0.8Si0.2S4,10.1006/jssc.2002.9701,253,3.98E-03,-2.400116928,Thio-LISICON,Oxides and Other Anions,Pnma (62); Pmn21 (31); P21/m (11)
930,Li2ZrS3,10.1016/j.ssi.2008.01.055,30,7.30E-06,-5.13667714,Thio-LISICON,Sulphides,Pnma (62); Pmn21 (31); P21/m (11)
2026,Li4.8Si0.2Al0.8S4,10.1006/jssc.2002.9701,25,1.07E-06,-5.971412549,Thio-LISICON,Sulphides,Pnma (62); Pmn21 (31); P21/m (11)
2027,Li3.6Ge0.4P0.6S4,10.1149/1.1379028,25,0.000221356,-3.654909409,Thio-LISICON,Sulphides,Pnma (62); Pmn21 (31); P21/m (11)
2028,Li3.35Ge0.35P0.65S4,10.1149/1.1379028,25,0.001830655,-2.737393551,Thio-LISICON,Sulphides,Pnma (62); Pmn21 (31); P21/m (11)
15,(YPO4)0.8(Li3PO4)0.2,10.1016/0167-2738(89)90457-8,600,3.70E-02,-1.431798276,Zircon,#N/A,I41/amd (141)
16,(YPO4)0.8(Li3PO4)0.2,10.1016/0167-2738(89)90457-8,400,5.40E-04,-3.26760624,Zircon,#N/A,I41/amd (141)
507,(YPO4)0.8(Li3PO4)0.2,10.1016/0167-2738(89)90457-8,867,2.75E-01,-0.560667306,Zircon,#N/A,I41/amd (141)
508,(YPO4)0.9(Li3PO4)0.1,10.1016/0167-2738(89)90457-8,873,1.35E-01,-0.869666232,Zircon,#N/A,I41/amd (141)
509,(YPO4)0.7(Li3PO4)0.3,10.1016/0167-2738(89)90457-8,791,6.82E-02,-1.166215625,Zircon,#N/A,I41/amd (141)
510,(YPO4)0.8(Li3PO4)0.2,10.1016/0167-2738(89)90457-8,585,3.74E-02,-1.427128398,Zircon,#N/A,I41/amd (141)
511,(YPO4)0.8(Li3PO4)0.2,10.1016/0167-2738(89)90457-8,486,5.37E-03,-2.270025714,Zircon,#N/A,I41/amd (141)
512,(YPO4)0.7(Li3PO4)0.3,10.1016/0167-2738(89)90457-8,598.96,3.87E-03,-2.412289035,Zircon,#N/A,I41/amd (141)
513,(YPO4)0.9(Li3PO4)0.1,10.1016/0167-2738(89)90457-8,400,1.21E-04,-3.91721463,Zircon,#N/A,I41/amd (141)
515,(YPO4)0.5(Li3PO4)0.5,10.1016/0167-2738(89)90457-8,523.93,2.45E-04,-3.610833916,Zircon,#N/A,I41/amd (141)
516,(YPO4)0.7(Li3PO4)0.3,10.1016/0167-2738(89)90457-8,485.26,2.13E-04,-3.671620397,Zircon,#N/A,I41/amd (141)
517,(YPO4)0.5(Li3PO4)0.5,10.1016/0167-2738(89)90457-8,437.38,1.78E-05,-4.749579998,Zircon,#N/A,I41/amd (141)
518,(YPO4)0.7(Li3PO4)0.3,10.1016/0167-2738(89)90457-8,397.77,1.09E-05,-4.962573502,Zircon,#N/A,I41/amd (141)
2000,(YPO4)0.8(Li3PO4)0.2,10.1016/0167-2738(89)90457-8,25,1.41E-05,-4.851039883,Zircon,Oxides,I41/amd (141)
2011,(YPO4)0.9(Li3PO4)0.1,10.1016/0167-2738(89)90457-8,25,4.64E-07,-6.333347081,Zircon,Oxides,I41/amd (141)
2012,(YPO4)0.7(Li3PO4)0.3,10.1016/0167-2738(89)90457-8,25,6.57E-09,-8.182516656,Zircon,Oxides,I41/amd (141)
2013,(YPO4)0.5(Li3PO4)0.5,10.1016/0167-2738(89)90457-8,25,6.68E-11,-10.1753005,Zircon,Oxides,I41/amd (141)
