best_mpid,current_mpid_v2026.04.13,mp_formula_pretty,mp_spg_symbol_v2026.04.13,mp_spg_number_v2026.04.13
mp-1020019,mp-aaacgaxn,Li2PNO2,Cmc2_1,36
mp-1020022,mp-aaacgaxq,Li3B(PO4)2,P-1,2
mp-1020057,mp-aaacgayz,LiLaO2,P2_1/c,14
mp-1020646,mp-aaacgbvq,NaLi2B(PO4)2,P-1,2
mp-10520,mp-aaaaapoq,LiNdTiO4,P4/nmm,129
mp-1104386,mp-aaackvsk,Li6PClO5,F-43m,216
mp-11175,mp-aaaaaqnv,LiZnPS4,I-4,82
mp-1190364,mp-aaacpsxg,Li2SnS3,C2/c,15
mp-1191302,mp-aaacpuhi,Li6Cu(B2O5)2,P-1,2
mp-1194339,mp-aaacpyud,Li3SbS3,Pna2_1,33
mp-1194700,mp-aaacpzia,Li4SnSe4,Pnma,62
mp-1198622,mp-aaacqfcw,Li7La3Hf2O12,I4_1/acd,142
mp-1198780,mp-aaacqfiy,LiSbO2,P2_1/c,14
mp-1203004,mp-aaacqlpk,Li9Mg3P4O16F3,P6_3,173
mp-1222525,mp-aaacromf,LiAlGeO4,R3,146
mp-1222635,mp-aaacroql,Li2PS3,P6_3cm,185
mp-13944,mp-aaaaauqi,Li3AlN2,Ia-3,206
mp-15254,mp-aaaaawos,Li3AlF6,C2/c,15
mp-15960,mp-aaaaaxpw,Li5AlO4,Pbca,61
mp-18640,mp-aaaabboy,LiTi2(PO4)3,R-3c,167
mp-19219,mp-aaaabclf,Li3VO4,Pmn2_1,31
mp-19373,mp-aaaabcrd,LiVO3,C2/c,15
mp-2251,mp-aaaaadip,Li3N,P6/mmm,191
mp-22983,mp-aaaabhzz,LiAlCl4,P2_1/c,14
mp-2341,mp-aaaaadmb,Li3N,P6_3/mmc,194
mp-27653,mp-aaaaboxp,LiAlH4,P2_1/c,14
mp-27968,mp-aaaabpjs,Li6Ge2O7,P2_1/c,14
mp-28253,mp-aaaabpur,LiBiO2,Ibam,72
mp-28326,mp-aaaabpxm,LiGaBr4,P2_1/c,14
mp-28450,mp-aaaabqcg,Li4P2O7,P-1,2
mp-28510,mp-aaaabqeo,Li3BiO3,P-1,2
mp-28593,mp-aaaabqht,Li3BrO,Pm-3m,221
mp-2878,mp-aaaaaegs,Li3PO4,Pnma,62
mp-29365,mp-aaaabrll,Li5BiO5,Cm,8
mp-29582,mp-aaaabrtu,Li2CrCl4,C2/c,15
mp-31096,mp-aaaabuaa,Li3AlH6,R-3,148
mp-3635,mp-aaaaafjv,LiBO2,P2_1/c,14
mp-4156,mp-aaaaagdw,Li2ZrO3,C2/c,15
mp-4558,mp-aaaaagti,Li4GeO4,Cmcm,63
mp-4657,mp-aaaaagxd,Li5GaO4,Pbca,61
mp-5001,mp-aaaaahkj,Li3BN2,P2_1/c,14
mp-541272,mp-aaabeuse,LiGe2(PO4)3,R-3c,167
mp-541661,mp-aaabevhd,LiZr2(PO4)3,R-3c,167
mp-5418,mp-aaaaaiak,Li6Zr2O7,C2/c,15
mp-554395,mp-aaabfocx,Na5Li3(TiS4)2,C2/c,15
mp-557738,mp-aaabftbm,Li3BiO4,P4_2/mnm,136
mp-557756,mp-aaabftce,Li4Zn(PO4)2,P2_1/c,14
mp-558105,mp-aaabftpp,LiB6O9F,Pna2_1,33
mp-559776,mp-aaabfwbw,Li5La3Ta2O12,Ia-3d,230
mp-5840,mp-aaaaaiqq,LiScO2,I4_1/amd,141
mp-5853,mp-aaaaaird,LiSi2N3,Cmc2_1,36
mp-5854,mp-aaaaaire,LiGaO2,Pna2_1,33
mp-6175,mp-aaaaajdn,BaLi2P2O7,C2/c,15
mp-6248,mp-aaaaajgi,LiGd(PO3)4,C2/c,15
mp-641703,mp-aaabkngx,Li7P3S11,P-1,2
mp-6521,mp-aaaaajqv,LiLaTiO4,P4/nmm,129
mp-7020,mp-aaaaakka,LiYO2,P2_1/c,14
mp-736,mp-aaaaabci,Li3P,P6_3/mmc,194
mp-756316,mp-aaabravc,Li3SbS4,Pmn2_1,31
mp-8926,mp-aaaaanfi,Li3BN2,P4_2/mnm,136
mp-942733,mp-aaacbqoz,Li7La3Zr2O12,I4_1/acd,142
mp-985585,mp-aaacebzd,Li3ClO,Pm-3m,221
mp-10499,mp-aaaaapnv,LiZr2(PO4)3,P2_1/c,14
mp-1120754,mp-aaacltxy,Li2HClO,Pnma,62
mp-1138,mp-aaaaabru,LiF,Fm-3m,225
mp-1173730,mp-aaacouhm,Na2SO4,P1,1
mp-1177906,mp-aaacpamc,Li2Ti3CoO8,P4_332,212
mp-1195718,mp-aaacqave,Li4SnS4,Pnma,62
mp-1210789,mp-aaacqxcv,Li2SiS3,Cmc2_1,36
mp-1211124,mp-aaacqxps,Li6NiCl8,Fm-3m,225
mp-1211226,mp-aaacqxtq,Li3Y3(TeO6)2,Ia-3d,230
mp-1222624,mp-aaacroqa,Li2SO4,F-43m,216
mp-13725,mp-aaaaauhx,Li3PO4,Pmn2_1,31
mp-14704,mp-aaaaavto,Li6Y(BO3)3,P2_1/c,14
mp-16283,mp-aaaaaych,KNa2Li3Fe2(Si2O5)6,P6/mcc,192
mp-19017,mp-aaaabcdl,LiFePO4,Pnma,62
mp-22899,mp-aaaabhwt,LiI,Fm-3m,225
mp-23705,mp-aaaabjbt,Na3AlH6,P2_1/c,14
mp-25423,mp-aaaablpv,LiVPO4F,P-1,2
mp-26045,mp-aaaabmnt,Li3Cr2(PO4)3,P2_1/c,14
mp-26702,mp-aaaabnna,LiSn2(PO4)3,P2_1/c,14
mp-27508,mp-aaaabosa,Li6Br3N,Fm-3m,225
mp-28828,mp-aaaabqqu,Li6FeCl8,Fm-3m,225
mp-29009,mp-aaaabqxt,Li2MgBr4,Cmmm,65
mp-30249,mp-aaaabstl,Li4GeS4,Pnma,62
mp-35822,mp-aaaacazu,Li4SiO4,P1,1
mp-38200,mp-aaaaceng,Li2PS3,Pnma,62
mp-39123,mp-aaaacfwt,Na3Zr2Si2PO12,P1,1
mp-505391,mp-aaabctqd,Li6CoCl8,Fm-3m,225
mp-554747,mp-aaabfoql,Li5La3Nb2O12,Ia-3d,230
mp-632815,mp-aaabkadb,Li10Ge(PO6)2,P1,1
mp-6373,mp-aaaaajld,Li3Fe2(PO4)3,P2_1/c,14
mp-6396,mp-aaaaajma,Li3V2(PO4)3,P2_1/c,14
mp-6565,mp-aaaaajsn,Li3Sc2(PO4)3,P2_1/c,14
mp-677627,mp-aaabmokp,Li3Nd3(TeO6)2,Ia-3d,230
mp-694934,mp-aaabnoag,Li2TiFe(PO4)3,P2_1/c,14
mp-696138,mp-aaabnpuo,Li10Ge(PS6)2,P1,1
mp-705887,mp-aaaboefn,Li2TiCr(PO4)3,P2_1/c,14
mp-706279,mp-aaaboeup,Li2ZrFe(PO4)3,P2_1/c,14
mp-721236,mp-aaabpaxw,Li10Sn(PS6)2,P1,1
mp-9625,mp-aaaaaogf,LiMgPO4,Pnma,62
mp-978278,mp-aaacdrec,Na(BH)6,P2_1/c,14
mp-985582,mp-aaacebza,Li6PS5I,F-43m,216
mp-985583,mp-aaacebzb,Li3PS4,Pnma,62
mp-985591,mp-aaacebzj,Li6PS5Br,F-43m,216
mp-985592,mp-aaacebzk,Li6PS5Cl,F-43m,216
mp-1147619,mp-aaacnhrf,Li3YBr6,C2/c,15
mp-1194999,mp-aaacpztn,NaCo2As3O10,P-1,2
mp-1201205,mp-aaacqiyf,Li4BH10N3,I2_13,199
mp-1222315,mp-aaacroed,LiLaTi2O6,Fm-3m,225
mp-1222386,mp-aaacrogw,LiBH4,F-43m,216
mp-1222972,mp-aaacrpdk,Li2TiFe(PO4)3,Pna2_1,33
mp-1223017,mp-aaacrpfd,Li2TiCr(PO4)3,Pna2_1,33
mp-1223420,mp-aaacrpuq,Li14Nd5Si11N19O7F2,Pmn2_1,31
mp-18147,mp-aaaabavz,LiGaSiO4,R3,146
mp-18220,mp-aaaabayu,LiAlSiO4,R3,146
mp-37436,mp-aaaacdjw,Li7SbO6,P1,1
mp-38487,mp-aaaaceyh,Li7BiO6,P1,1
mp-558054,mp-aaabftnq,SrLi2Ta2O7,Cmcm,63
mp-578604,mp-aaabgxya,NaCrO2,R-3m,166
mp-676109,mp-aaabmmef,Li3InCl6,C2,5
mp-696123,mp-aaabnptz,Li10Sn(PS6)2,P4_2mc,105
mp-696128,mp-aaabnpue,Li10Ge(PS6)2,P4_2mc,105
mp-696129,mp-aaabnpuf,Li10Si(PS6)2,P4_2mc,105
mp-766132,mp-aaabrpiq,Li2ZrFe(PO4)3,Pna2_1,33
mp-769597,mp-aaabrulx,Li2CoGe3O8,P2_13,198
mp-774752,mp-aaabscce,Li2MgTi3O8,P2_13,198
mp-861268,mp-aaabxabs,LiLaNb2O7,I-4m2,119
mp-8702,mp-aaaaamws,LiGaGeO4,R-3,148
mp-10167,mp-aaaaapbb,Na3SbS4,I-43m,217
mp-10519,mp-aaaaapop,Cu2SnS3,Cc,9
mp-1078419,mp-aaacjjhr,Na3PSe4,I-43m,217
mp-1096940,mp-aaackksa,CuBO2,R-3m,166
mp-1103397,mp-aaackugj,BaSnF4,P4/nmm,129
mp-1105387,mp-aaackxex,Li2FeGeS4,Pc,7
mp-1125,mp-aaaaabrh,Li2S,Pnma,62
mp-1143,mp-aaaaabrz,Al2O3,R-3c,167
mp-1170,mp-aaaaabta,SnS2,P-3m1,164
mp-11737,mp-aaaaarjl,Li4SiO4,P-1,2
mp-1180702,mp-aaacpepq,Li2BH6N,R-3,148
mp-1188569,mp-aaacpqgf,S2N(O2F)2,P2_1,4
mp-1191657,mp-aaacpuuz,Mg(ClO4)2,P2_1/c,14
mp-1191696,mp-aaacpuwm,LiCr(MoO4)2,P-1,2
mp-1194644,mp-aaacpzfw,KFeSO4F,C2/c,15
mp-1198726,mp-aaacqfgw,Li(BH)6,Pa-3,205
mp-1200057,mp-aaacqhgb,Li7La3(SnO6)2,I4_1/acd,142
mp-12087,mp-aaaaarwx,Cu2S,Fm-3m,225
mp-1217847,mp-aaacrhoh,SrTi4Bi4O15,Cmc2_1,36
mp-1218249,mp-aaacridt,SrLa4Si3O13,P6_3,173
mp-12205,mp-aaaaasbl,Ti4O7,P-1,2
mp-1222565,mp-aaacront,Li4B7ClO12,R3c,161
mp-1222626,mp-aaacroqc,Li2MgZrO4,I-4m2,119
mp-1222986,mp-aaacrpdy,Li3Fe(MoO4)3,Pc,7
mp-1223173,mp-aaacrpld,Li3H4IN2,Cmc2_1,36
mp-12403,mp-aaaaasjb,LiBF4,P3_121,152
mp-13446,mp-aaaaatxe,Co2P,P-62m,189
mp-1434,mp-aaaaacde,MoS2,R3m,160
mp-1456,mp-aaaaacea,Fe2O3,P4_12_12,92
mp-1634,mp-aaaaackw,MoSe2,P6_3/mmc,194
mp-18731,mp-aaaabbsl,Fe3O4,Cmcm,63
mp-18748,mp-aaaabbtc,Co3O4,Fd-3m,227
mp-18751,mp-aaaabbtf,Mn2ZnO4,I4_1/amd,141
mp-18759,mp-aaaabbtn,Mn3O4,I4_1/amd,141
mp-18856,mp-aaaabbxg,MoO3,P2_1/c,14
mp-18915,mp-aaaabbzn,LiCoPO4,Pnma,62
mp-18951,mp-aaaabcax,LiFePO4,Cmcm,63
mp-18968,mp-aaaabcbo,Li2FeSiO4,Pmn2_1,31
mp-18988,mp-aaaabcci,Li2MnO3,C2/m,12
mp-18997,mp-aaaabccr,LiMnPO4,Pnma,62
mp-19009,mp-aaaabcdd,NiO,Fm-3m,225
mp-19019,mp-aaaabcdn,NiMoO4,P2/c,13
mp-19109,mp-aaaabcgz,FePO4,P3_121,152
mp-19112,mp-aaaabchc,FeSO4,Cmcm,63
mp-19326,mp-aaaabcpi,MnO2,Pnma,62
mp-19421,mp-aaaabcsz,FeWO4,P2/c,13
mp-19516,mp-aaaabcwq,Al2(WO4)3,Pbcn,60
mp-1960,mp-aaaaacxk,Li2O,Fm-3m,225
mp-19724,mp-aaaabdeq,Cu3Ge,Pmmn,59
mp-1999,mp-aaaaacyx,Sb2O3,Fd-3m,227
mp-20815,mp-aaaabeup,SnPbF4,P4/nmm,129
mp-21167,mp-aaaabfid,Ni2P,P-62m,189
mp-21650,mp-aaaabgas,Li2NiGe3O8,P4_332,212
mp-2173,mp-aaaaadfp,P2O5,Pnma,62
mp-22417,mp-aaaabhef,LiNiPO4,Pnma,62
mp-22526,mp-aaaabhik,LiCoO2,R-3m,166
mp-22584,mp-aaaabhkq,LiMn2O4,Fd-3m,227
mp-226,mp-aaaaaais,FeS2,Pa-3,205
mp-22658,mp-aaaabhnm,Co2NiS4,Fd-3m,227
mp-22684,mp-aaaabhom,Fe2NiO4,Fd-3m,227
mp-22693,mp-aaaabhov,Te2W,Pmn2_1,31
mp-2282,mp-aaaaadju,NiS2,Pa-3,205
mp-22851,mp-aaaabhux,NaCl,Pm-3m,221
mp-22905,mp-aaaabhwz,LiCl,Fm-3m,225
mp-23184,mp-aaaabihs,BCl3,P6_3/m,176
mp-23204,mp-aaaabiim,FeCl3,R-3,148
mp-23210,mp-aaaabiis,MgCl2,R-3m,166
mp-23240,mp-aaaabijw,CoCl2,R-3m,166
mp-23329,mp-aaaabinh,Bi2WO6,Aea2,41
mp-2352,mp-aaaaadmm,Na2O,Fm-3m,225
mp-23675,mp-aaaabjap,H4BrN,P4/nmm,129
mp-23778,mp-aaaabjeo,H4CN2O,P-42_1m,113
mp-23790,mp-aaaabjfa,H4N2O3,Pmmn,59
mp-23850,mp-aaaabjhi,NaH2N,Fddd,70
mp-23856,mp-aaaabjho,LiHO,P4/nmm,129
mp-23891,mp-aaaabjix,NaHO,Cmcm,63
mp-23902,mp-aaaabjji,PH3O4,P2_1/c,14
mp-24172,mp-aaaabjts,H2SO4,P2_1/c,14
mp-24810,mp-aaaabksg,NaBH4,Pnma,62
mp-25207,mp-aaaablhn,V2O5,C2/m,12
mp-25228,mp-aaaablii,KMnO2,C2/m,12
mp-25258,mp-aaaabljm,LiNiO2,C2/m,12
mp-25349,mp-aaaablmz,MoO2,R-3m,166
mp-25407,mp-aaaablpf,LiFePO4F,P-1,2
mp-25845,mp-aaaabmgb,Li2FeP2O7,C2/m,12
mp-2723,mp-aaaaaeat,IrO2,P4_2/mnm,136
mp-27275,mp-aaaabojb,Li3BO3,P2_1/c,14
mp-27503,mp-aaaaborv,LiV3O8,P2_1/m,11
mp-27912,mp-aaaabpho,Ni(HO)2,P-3m1,164
mp-27913,mp-aaaabphp,CoHO2,R-3m,166
mp-28782,mp-aaaabqpa,Na3PS4,P-42_1c,114
mp-29159,mp-aaaabrdn,MnHO2,P2_1/c,14
mp-29195,mp-aaaabrex,LiPO3,P2_1/c,14
mp-2931,mp-aaaaaeit,Li2TiO3,C2/c,15
mp-29399,mp-aaaabrmt,Mn2NiO4,Fd-3m,227
mp-2998,mp-aaaaaeli,BaTiO3,Pm-3m,221
mp-30209,mp-aaaabsrx,LiBH4,Pnma,62
mp-30301,mp-aaaabsvl,LiClO4,Pnma,62
mp-3054,mp-aaaaaenm,Li2CO3,C2/c,15
mp-30999,mp-aaaabtwh,CuCl2,C2/m,12
mp-323,mp-aaaaaaml,LaF3,I4/mmm,139
mp-32641,mp-aaaabwhl,LiS,Fm-3m,225
mp-34148,mp-aaaabynk,Li2MnCl4,Imma,74
mp-34337,mp-aaaabyur,H4NCl,P-43m,215
mp-34465,mp-aaaabyzp,Li2HN,Imm2,44
mp-352,mp-aaaaaano,HfO2,P2_1/c,14
mp-3521,mp-aaaaaffl,NaBF4,Cmcm,63
mp-3536,mp-aaaaafga,MgAl2O4,Fd-3m,227
mp-35975,mp-aaaacbfr,Li2MoO3,C2/m,12
mp-361,mp-aaaaaanx,Cu2O,Pn-3m,224
mp-36330,mp-aaaacbti,Li2VCl4,Imma,74
mp-3666,mp-aaaaafla,LiTaO3,R3c,161
mp-3731,mp-aaaaafnn,LiNbO3,R3c,161
mp-38008,mp-aaaacefw,Li2CdCl4,Imma,74
mp-38684,mp-aaaacffw,Li2MgCl4,Imma,74
mp-390,mp-aaaaaapa,TiO2,I4_1/amd,141
mp-39387,mp-aaaacggx,SrLiTa2O6F,Imma,74
mp-3963,mp-aaaaafwl,K2CO3,P2_1/c,14
mp-4529,mp-aaaaagsf,K2SO4,Pnma,62
mp-4533,mp-aaaaagsj,Na2SiO3,Cmc2_1,36
mp-4630,mp-aaaaagwc,Li2RuO3,C2/m,12
mp-4734,mp-aaaaahac,NaPO3,P2_1/c,14
mp-4909,mp-aaaaahgv,V2NiS4,C2/m,12
mp-5132,mp-aaaaahpk,YPO4,I4_1/amd,141
mp-531302,mp-aaabefys,La10(Si2O9)3,Pc,7
mp-532085,mp-aaabehcv,Li2IrO3,C2,5
mp-541788,mp-aaabevma,P2S5,P-1,2
mp-542666,mp-aaabewtu,K2Cr2O7,P-1,2
mp-554326,mp-aaabfoag,ZrV2O7,Pa-3,205
mp-556002,mp-aaabfqms,Li6Cu(B2O5)2,P1,1
mp-557395,mp-aaabfsoh,LiC2S2N(O2F3)2,Pccn,56
mp-557964,mp-aaabftke,Li9S3N,Pm-3m,221
mp-558607,mp-aaabfuix,K3BSb4O13,P-1,2
mp-559240,mp-aaabfvhg,Li2MnSiO4,Pmn2_1,31
mp-559646,mp-aaabfvww,KCS(OF)3,P2_1,4
mp-565700,mp-aaabgevs,Ti8O15,P-1,2
mp-571156,mp-aaabgmxo,Mg(BH4)2,Pmc2_1,26
mp-5832,mp-aaaaaiqi,Li2Ge7O15,Pbcn,60
mp-604,mp-aaaaaaxg,Nb2O5,C2/c,15
mp-6088,mp-aaaaajae,LaCuSO,P4/nmm,129
mp-6241,mp-aaaaajgb,LiGa(SiO3)2,P2_1/c,14
mp-625924,mp-aaabjpya,H5NO,P2_12_12_1,19
mp-6340,mp-aaaaajjw,LiAl(SiO3)2,C2/c,15
mp-636952,mp-aaabkgge,LiCS(OF)3,P2_1/c,14
mp-677490,mp-aaabmofi,Li4Nd3SbTeO12,P1,1
mp-6783,mp-aaaaakax,NaLiSO4,P31c,159
mp-684024,mp-aaabmxwq,Li2SiN2,Pbca,61
mp-684588,mp-aaabmysi,Sn3P4,C2,5
mp-685194,mp-aaabmzpq,Li4Ti5O12,C2/c,15
mp-6922,mp-aaaaakgg,SiO2,P6_222,180
mp-697,mp-aaaaabav,SnO2,Pa-3,205
mp-700,mp-aaaaabay,GeSe,Pnma,62
mp-753697,mp-aaabqwyj,LiFeBO3,P2_1/c,14
mp-753719,mp-aaabqwzf,SrLiNb2O6F,I-4m2,119
mp-756053,mp-aaabrakz,LiCoBO3,P2_1/c,14
mp-756560,mp-aaabrbem,Li2Ti3O7,C2/c,15
mp-757584,mp-aaabrcrw,Li4VP2O9,Cmme,67
mp-758243,mp-aaabrdrf,TiNb2O7,Cm,8
mp-7603,mp-aaaaalgl,Li2TiF6,P4_2/mnm,136
mp-761059,mp-aaabrhvn,Na3V2(PO4)3,P2_1/c,14
mp-766433,mp-aaabrpuf,Sr3Li4Nb6O20,P1,1
mp-767807,mp-aaabrrvb,Mn(CoO2)2,P1,1
mp-768684,mp-aaabrtcu,Ce(ClO4)3,R3c,161
mp-7700,mp-aaaaalke,SiB6,Pm-3m,221
mp-775628,mp-aaabsdjw,Li5La3(SbO6)2,P1,1
mp-778,mp-aaaaabdy,Fe2P,P-62m,189
mp-779455,mp-aaabsjbb,Li7Ti5O12,C2/m,12
mp-825,mp-aaaaabft,RuO2,P4_2/mnm,136
mp-841,mp-aaaaabgj,Li2O2,P6_3/mmc,194
mp-850927,mp-aaabwktz,Li2Co(SO4)2,Pbca,61
mp-9143,mp-aaaaannr,LiPF6,R-3,148
mp-943492,mp-aaacbrse,LiFeSO4F,P-1,2
mp-963,mp-aaaaablb,ZrO2,Pnma,62
mp-999337,mp-aaacewib,NiHO2,P3m1,156
